path,classification,target_path,rule_id,rationale,mode,size_bytes,git_blob_sha1,sha256
.gitattributes,RETAIN_ACTIVE,.gitattributes,R0C-ROOT-GENERAL,Repository-level control or contribution file remains valid for the v2 foundation.,100644,45,3cef842a99a0d9c635e5f32ca47dba54d8db0217,eb9e5f3f65a8cdb730b3646828a5dae4fbc0c62e4121a8f1e2b3b5dc69d58763
.github/workflows/tests.yml,RETAIN_ACTIVE,.github/workflows/tests.yml,R0C-GITHUB-CONTROL,Repository automation remains active unless separately superseded by a reviewed workflow change.,100644,340,4745ba0cd12774a80ba5a1b2772458e5ab8fc43a,16000e69d2db7f52118df0bd5918af179cdde6d2b7b6f953da20a86ec5159f30
.gitignore,RETAIN_ACTIVE,.gitignore,R0C-ROOT-GENERAL,Repository-level control or contribution file remains valid for the v2 foundation.,100644,523,daec39b15b0a52c63470b21b93cd1f3eaab68155,6f5b6cd698750f17770aa332008dd2af060bac1e4f731b1033c6e7fc91f682d6
CONTRIBUTING.md,RETAIN_ACTIVE,CONTRIBUTING.md,R0C-ROOT-GENERAL,Repository-level control or contribution file remains valid for the v2 foundation.,100644,656,6343bd9b8e882073cd52746956168c600e7d1d3e,2db16e2d4aad42957ffa704b812392a0a551b104c0d656c838efda1aab9032d1
README.md,REBUILD_V2,README.md,R0C-ROOT-SEMANTIC,Active repository metadata must be rewritten to describe the v2 discovery foundation.,100644,3931,a7e37c513534f240f6042a3541feb92370998f42,a7af22ca691a29dd9ab72fcaca1b85e158ddc765b3cf791941a1c4c202d74ccf
artifacts/README.md,RETAIN_ACTIVE,artifacts/README.md,R0C-EVIDENCE-BOUNDARY,Evidence-store or Git/external-artifact boundary documentation remains authoritative infrastructure.,100644,1002,6143850919deadbefa3a60aab549f1864864b2df,2840f1a4bc773d88cc072e130170d0e6ed7c25ba970737931af0e4c9427d76bb
contracts/B_STATE_0_3A_OPERATOR_REVIEW_CHECKLIST.md,MOVE_TO_QUARANTINE,legacy/quarantine/abcd-engine-v1-c0ad7ba/contracts/B_STATE_0_3A_OPERATOR_REVIEW_CHECKLIST.md,R0C-LEGACY-CONTRACT,Current contracts encode the superseded mixed ABCD authority and must leave the active contract namespace.,100644,1291,e79173f1b9f2db890e42135610ab9dab9ee069bb,cdfd11165c6a893b75969d389ac1ccad7fb6a83ccf7e8b665656d434e654668f
contracts/B_STATE_0_3A_REPRESENTATION_RATIFICATION_RECORD.md,MOVE_TO_QUARANTINE,legacy/quarantine/abcd-engine-v1-c0ad7ba/contracts/B_STATE_0_3A_REPRESENTATION_RATIFICATION_RECORD.md,R0C-LEGACY-CONTRACT,Current contracts encode the superseded mixed ABCD authority and must leave the active contract namespace.,100644,1605,92997e81866989ab99310b4c676389fb3d7efa2d,2aba7c8c67ee0eecdb577df6cfd9ff8a2e2e2c611e771cfa1f8d22fd490a13c9
contracts/B_STATE_0_3B_OPERATOR_REVIEW_CHECKLIST.md,MOVE_TO_QUARANTINE,legacy/quarantine/abcd-engine-v1-c0ad7ba/contracts/B_STATE_0_3B_OPERATOR_REVIEW_CHECKLIST.md,R0C-LEGACY-CONTRACT,Current contracts encode the superseded mixed ABCD authority and must leave the active contract namespace.,100644,959,df68fb4c27ea81466322aab5030642811f685f33,fefeefab5bbfaaba1bca6836f802fb3f2fac539896d9101122b7d85edcdda790
contracts/B_STATE_0_3B_RATIFICATION_RECORD.md,MOVE_TO_QUARANTINE,legacy/quarantine/abcd-engine-v1-c0ad7ba/contracts/B_STATE_0_3B_RATIFICATION_RECORD.md,R0C-LEGACY-CONTRACT,Current contracts encode the superseded mixed ABCD authority and must leave the active contract namespace.,100644,1702,e7cc9316c399a04107028b0c74ed43948e9f6a9d,d6a348a4294f1d75e9163e0d37f9f522e89e011f040d07a0e5dfdee1ffcd2c2f
contracts/B_STATE_0_3_OPERATOR_REVIEW_CHECKLIST.md,MOVE_TO_QUARANTINE,legacy/quarantine/abcd-engine-v1-c0ad7ba/contracts/B_STATE_0_3_OPERATOR_REVIEW_CHECKLIST.md,R0C-LEGACY-CONTRACT,Current contracts encode the superseded mixed ABCD authority and must leave the active contract namespace.,100644,1345,8dac6f7aa54be61f1df0c8f1ae304c5e09ac5355,e6c732d8cf8dfead85d540eda8dfe4000da99fc104d537cab241de4d69e7c489
contracts/OPT_C_MEASURE_0_1_1_FRONTIER_NULLABILITY_REPAIR_RECORD.md,MOVE_TO_QUARANTINE,legacy/quarantine/abcd-engine-v1-c0ad7ba/contracts/OPT_C_MEASURE_0_1_1_FRONTIER_NULLABILITY_REPAIR_RECORD.md,R0C-LEGACY-CONTRACT,Current contracts encode the superseded mixed ABCD authority and must leave the active contract namespace.,100644,733,6bc8fdd84cb36d2540d0219b636095d165ba095b,a9dd18e88a545f44c4746b1696ec3aaa050fe0eadb92093f6060f8c7d2b36c0b
contracts/OPT_C_OUTCOME_0_1_APPROVAL_RECORD.md,MOVE_TO_QUARANTINE,legacy/quarantine/abcd-engine-v1-c0ad7ba/contracts/OPT_C_OUTCOME_0_1_APPROVAL_RECORD.md,R0C-LEGACY-CONTRACT,Current contracts encode the superseded mixed ABCD authority and must leave the active contract namespace.,100644,907,b91872bfbf68a42bed683be9ed19572600cce2fa,0912d090ec6629709134d1953fef222860973b218df666e2239353aabc8bac1d
contracts/OPT_D_REVIEW_OPERATOR_RATIFICATION_CHECKLIST_v0_1.md,MOVE_TO_QUARANTINE,legacy/quarantine/abcd-engine-v1-c0ad7ba/contracts/OPT_D_REVIEW_OPERATOR_RATIFICATION_CHECKLIST_v0_1.md,R0C-LEGACY-CONTRACT,Current contracts encode the superseded mixed ABCD authority and must leave the active contract namespace.,100644,1372,578116f65f8e126c0d89227ab1b490827932f168,aa9d48840e9e828e8d24926c0d9fc732f91451b9d8474d09419a37b75e967de9
contracts/OVC_OPT_B_ACCEPTANCE_FRONTIER_SEMANTIC_REVIEW_CONTRACT_v0_3b.md,MOVE_TO_QUARANTINE,legacy/quarantine/abcd-engine-v1-c0ad7ba/contracts/OVC_OPT_B_ACCEPTANCE_FRONTIER_SEMANTIC_REVIEW_CONTRACT_v0_3b.md,R0C-LEGACY-CONTRACT,Current contracts encode the superseded mixed ABCD authority and must leave the active contract namespace.,100644,1619,e9618b55b7e2d51df40db6b5ee96cbe5648c4e01,bf7aec7fa3e777173bcd3f7059d26a7108a264f5e5165c714668716ded42489f
contracts/OVC_OPT_B_ACCEPTANCE_FRONTIER_STATE_CONTRACT_v0_3b.md,MOVE_TO_QUARANTINE,legacy/quarantine/abcd-engine-v1-c0ad7ba/contracts/OVC_OPT_B_ACCEPTANCE_FRONTIER_STATE_CONTRACT_v0_3b.md,R0C-LEGACY-CONTRACT,Current contracts encode the superseded mixed ABCD authority and must leave the active contract namespace.,100644,2285,14a1e52d5cbbd853462c4d41067b478eaab79927,ae39b9c8e7c90cc936508ba03f2b49620206d41bf80ac7815d0e4ce91d889606
contracts/OVC_OPT_B_ACCEPTANCE_RELATION_INVENTORY_CONTRACT_v0_3a.md,MOVE_TO_QUARANTINE,legacy/quarantine/abcd-engine-v1-c0ad7ba/contracts/OVC_OPT_B_ACCEPTANCE_RELATION_INVENTORY_CONTRACT_v0_3a.md,R0C-LEGACY-CONTRACT,Current contracts encode the superseded mixed ABCD authority and must leave the active contract namespace.,100644,3071,d202ef3524e91aeb923578fc18983ab5bca2af80,d0673a29c8e871e5a93e2df1b7b49f2e5a80a888fd06bd7caf61cf6895a545be
contracts/OVC_OPT_B_COMPLETE_REPLAY_INPUT_REPAIR_RECORD.md,MOVE_TO_QUARANTINE,legacy/quarantine/abcd-engine-v1-c0ad7ba/contracts/OVC_OPT_B_COMPLETE_REPLAY_INPUT_REPAIR_RECORD.md,R0C-LEGACY-CONTRACT,Current contracts encode the superseded mixed ABCD authority and must leave the active contract namespace.,100644,1582,a7246d5fb99d303375d05e4d16ccf6bcdeb90f16,1f4f9faecb4a8453717306c4524f3559f1f6f38e9dc4ac6323833b5613ef2c02
contracts/OVC_OPT_B_PARALLEL_AXIS_STATE_CONTRACT_v0_3.md,MOVE_TO_QUARANTINE,legacy/quarantine/abcd-engine-v1-c0ad7ba/contracts/OVC_OPT_B_PARALLEL_AXIS_STATE_CONTRACT_v0_3.md,R0C-LEGACY-CONTRACT,Current contracts encode the superseded mixed ABCD authority and must leave the active contract namespace.,100644,3367,5e5aef9f8f9b48289eec1ac749768a48bdf7232d,720a0458e6f7bdde4a082430056c65d8027a46e47fe6eb6782cbfd130c0be40d
contracts/OVC_OPT_C_FORWARD_PATH_COVERAGE_CENSORING_CONTRACT_v0_1.md,MOVE_TO_QUARANTINE,legacy/quarantine/abcd-engine-v1-c0ad7ba/contracts/OVC_OPT_C_FORWARD_PATH_COVERAGE_CENSORING_CONTRACT_v0_1.md,R0C-LEGACY-CONTRACT,Current contracts encode the superseded mixed ABCD authority and must leave the active contract namespace.,100644,1738,7cfa2a1cc1196eca24afac56fd98dcef4a087bd3,73f6f5ffb8efe1a963aa293ed608437d3ae5bb89dba04bd2f758c940d3fc4180
contracts/OVC_OPT_C_NEUTRAL_FORWARD_OUTCOME_CONTRACT_v0_1.md,MOVE_TO_QUARANTINE,legacy/quarantine/abcd-engine-v1-c0ad7ba/contracts/OVC_OPT_C_NEUTRAL_FORWARD_OUTCOME_CONTRACT_v0_1.md,R0C-LEGACY-CONTRACT,Current contracts encode the superseded mixed ABCD authority and must leave the active contract namespace.,100644,3321,32018f8e543ebff8ed8928e6a7e48212f3f7e978,0285bcd4e52e48d9ac54d8c8644cd09307424e63736cd366fbdd1262ee979a13
contracts/OVC_OPT_C_NEUTRAL_MEASUREMENT_IMPLEMENTATION_CONTRACT_v0_1.md,MOVE_TO_QUARANTINE,legacy/quarantine/abcd-engine-v1-c0ad7ba/contracts/OVC_OPT_C_NEUTRAL_MEASUREMENT_IMPLEMENTATION_CONTRACT_v0_1.md,R0C-LEGACY-CONTRACT,Current contracts encode the superseded mixed ABCD authority and must leave the active contract namespace.,100644,2253,e764441409cea88770e20bfeb9665313643003f4,9eb4e3a51f500519703af161a737063071bcd0a1d2f549a507b3d85f84c06fdf
contracts/OVC_OPT_C_NEUTRAL_MEASUREMENT_IMPLEMENTATION_CONTRACT_v0_1_1.md,MOVE_TO_QUARANTINE,legacy/quarantine/abcd-engine-v1-c0ad7ba/contracts/OVC_OPT_C_NEUTRAL_MEASUREMENT_IMPLEMENTATION_CONTRACT_v0_1_1.md,R0C-LEGACY-CONTRACT,Current contracts encode the superseded mixed ABCD authority and must leave the active contract namespace.,100644,1279,438780ac35491912fff7b1dd868b31c8802ee660,946aaf21d7816b1d2e9195d39c2d4d81d0890cf0d764ad2cfb2a72c2ce9776ba
contracts/OVC_OPT_C_SEMANTIC_SANITY_REVIEW_CONTRACT_v0_1.md,MOVE_TO_QUARANTINE,legacy/quarantine/abcd-engine-v1-c0ad7ba/contracts/OVC_OPT_C_SEMANTIC_SANITY_REVIEW_CONTRACT_v0_1.md,R0C-LEGACY-CONTRACT,Current contracts encode the superseded mixed ABCD authority and must leave the active contract namespace.,100644,1955,a951a9dfd58079da9fe967304b13f9feb464de08,5e039a3523d7538685770324d1e3be23ddb473ce6e1de936fc37ebdb83e00fc9
contracts/OVC_OPT_D_CLUSTER_AWARE_COHORT_CONTRACT_v0_1.md,MOVE_TO_QUARANTINE,legacy/quarantine/abcd-engine-v1-c0ad7ba/contracts/OVC_OPT_D_CLUSTER_AWARE_COHORT_CONTRACT_v0_1.md,R0C-LEGACY-CONTRACT,Current contracts encode the superseded mixed ABCD authority and must leave the active contract namespace.,100644,2265,dde8973f4b48b6c7a193c2be51a1211ab6e75261,37e46b6cb53351fa1b7010158b99a430347bd562274e2ca658ba96b32c2a626a
contracts/OVC_OPT_D_CLUSTER_BALANCED_CONTRAST_CONTRACT_v0_1.md,MOVE_TO_QUARANTINE,legacy/quarantine/abcd-engine-v1-c0ad7ba/contracts/OVC_OPT_D_CLUSTER_BALANCED_CONTRAST_CONTRACT_v0_1.md,R0C-LEGACY-CONTRACT,Current contracts encode the superseded mixed ABCD authority and must leave the active contract namespace.,100644,2884,105f88409d9debdc57ce1d85d87b55909414ffe2,95c8631fb28d453a43d1d0c8858b776af08b527bbeeb9e074f3c6c8137cab69d
contracts/OVC_OPT_D_EVIDENCE_REVIEW_HYPOTHESIS_CONTRACT_v0_1.md,MOVE_TO_QUARANTINE,legacy/quarantine/abcd-engine-v1-c0ad7ba/contracts/OVC_OPT_D_EVIDENCE_REVIEW_HYPOTHESIS_CONTRACT_v0_1.md,R0C-LEGACY-CONTRACT,Current contracts encode the superseded mixed ABCD authority and must leave the active contract namespace.,100644,3381,5d6d1f9530b0ced14e32236c2459de9f7c6d64ec,dea0d4de96add9d7f3dd17bd63b51ca03adc0dec5af631261a95cd43ff6b01ae
contracts/OVC_OPT_D_REPEATED_STORY_EVIDENCE_CONTRACT_v0_1.md,MOVE_TO_QUARANTINE,legacy/quarantine/abcd-engine-v1-c0ad7ba/contracts/OVC_OPT_D_REPEATED_STORY_EVIDENCE_CONTRACT_v0_1.md,R0C-LEGACY-CONTRACT,Current contracts encode the superseded mixed ABCD authority and must leave the active contract namespace.,100644,3266,a20b01348966ade948dbd9d1ad218eae3b78a61e,70f57c9a7eed5d5b8309fdfd0adf52ce9740a78d3a55a581044750a042ad8bab
contracts/OVC_OPT_D_ROBUSTNESS_REVIEW_CONTRACT_v0_1.md,MOVE_TO_QUARANTINE,legacy/quarantine/abcd-engine-v1-c0ad7ba/contracts/OVC_OPT_D_ROBUSTNESS_REVIEW_CONTRACT_v0_1.md,R0C-LEGACY-CONTRACT,Current contracts encode the superseded mixed ABCD authority and must leave the active contract namespace.,100644,1760,26798c573e8d19a68289fa0d219574e9e1920889,7cdc6c1251cc1d19d8bd0d8a547a2f08edfb4040a05f093c87236301a3f95319
contracts/OVC_OPT_D_UNTOUCHED_VALIDATION_CONTRACT_v0_1.md,MOVE_TO_QUARANTINE,legacy/quarantine/abcd-engine-v1-c0ad7ba/contracts/OVC_OPT_D_UNTOUCHED_VALIDATION_CONTRACT_v0_1.md,R0C-LEGACY-CONTRACT,Current contracts encode the superseded mixed ABCD authority and must leave the active contract namespace.,100644,2844,8cb615f8e8da9eb73b30fff742ad4be762d9ab31,65dd28fd9d2b46ff521afad4d0a8257c4fd20856b56a4f8180173523a4614cc3
contracts/OVC_PAPER_PLAYBOOK_GATE_CONTRACT_v0_1.md,MOVE_TO_QUARANTINE,legacy/quarantine/abcd-engine-v1-c0ad7ba/contracts/OVC_PAPER_PLAYBOOK_GATE_CONTRACT_v0_1.md,R0C-LEGACY-CONTRACT,Current contracts encode the superseded mixed ABCD authority and must leave the active contract namespace.,100644,1621,0af4954ffe6da9504846817a504bca220dd0b896,2ea584b76d4b372888240b9426418f53abffdf053227b9d6cac24fa6ff6b996f
data/EXTERNAL_DEPENDENCIES.md,RETAIN_ACTIVE,data/EXTERNAL_DEPENDENCIES.md,R0C-EVIDENCE-BOUNDARY,Evidence-store or Git/external-artifact boundary documentation remains authoritative infrastructure.,100644,2151,ffc2e32a965c1f056a560258efe296108ceb27ca,9faf0c29de808ddcab4229bfbb8626b84a71568bcc89e552b02c468782e47b54
data/README.md,RETAIN_ACTIVE,data/README.md,R0C-EVIDENCE-BOUNDARY,Evidence-store or Git/external-artifact boundary documentation remains authoritative infrastructure.,100644,924,5b6916c6b51003def3841b04f2b1c8dc5a7bf5e5,1060e95240895f33fbc1b9d36045196533225ccaa19a9341345c7d4004849006
docs/CURRENT_STATUS.md,REBUILD_V2,docs/CURRENT_STATUS.md,R0C-CURRENT-STATUS,Current-status authority must be replaced atomically during the v2 scaffold packet.,100644,2077,b9b03bf627288d39d9a5e53a543df2719e197884,88457eda1d81f1c7984ec7a6d0f9a0db621842b223c728c6dafdc556d940d09b
docs/EVIDENCE_STORE.md,RETAIN_ACTIVE,docs/EVIDENCE_STORE.md,R0C-EVIDENCE-BOUNDARY,Evidence-store or Git/external-artifact boundary documentation remains authoritative infrastructure.,100644,4081,ef9642da2e37433186a70419b9b3bd8d28914e45,124dbf372bcab4d4ae8ff0ebac0cb1ddb000cd5532c6a89fa43eb2dc38993d37
docs/IMPORT_PROVENANCE.md,RETAIN_HISTORICAL,docs/IMPORT_PROVENANCE.md,R0C-IMPORT-PROVENANCE,Import provenance remains an immutable historical court record and grants no active model authority.,100644,1908,c27fdfa3051b7e31671b067c2d4e6a714acdcd8f,3ce67873deedd699631db96829c9297d4522a3fcad7c932c7d867ebcd490f077
docs/architecture/OVC_ABCD_COMPLETE_DEVELOPMENT_SUMMARY_2026-07-19.md,RETAIN_HISTORICAL,docs/architecture/OVC_ABCD_COMPLETE_DEVELOPMENT_SUMMARY_2026-07-19.md,R0C-ARCHITECTURE-HISTORY,"Prior architecture and development summaries remain source material, not active implementation authority.",100644,25838,7217245a89aec7c8ceec2dd05d25e318d76faafb,2deda6ca06ddb72286667d076b21f9aef874c9a73f5bb9a27c33682bbce1e4e2
docs/architecture/OVC_ABCD_OPERATING_LANGUAGE_SEED_v0_1.md,RETAIN_HISTORICAL,docs/architecture/OVC_ABCD_OPERATING_LANGUAGE_SEED_v0_1.md,R0C-ARCHITECTURE-HISTORY,"Prior architecture and development summaries remain source material, not active implementation authority.",100644,18509,504c076571564d2ec3bb759aaab1b673c3766a6a,77d949e57185a999b461f3d128cd9037ead1046b513ddb5237e98a2d81c75142
docs/decisions/OVC_GBPUSD_2025_OPT_D_VALIDATE_HANDOVER.md,RETAIN_HISTORICAL,docs/decisions/OVC_GBPUSD_2025_OPT_D_VALIDATE_HANDOVER.md,R0C-DOC-CONSERVATIVE,Legacy documentation is retained for audit and crosswalk use without active selector or runtime authority.,100644,1324,99d0bb0c522c9ed4e352633eebfa608cf6381cdb,99e16c6451e397079bcb832ee6687a97ad5a02a347cc97aa91c34543d2b7f8dc
docs/decisions/OVC_OPT_D_ROBUSTNESS_PAPER_GATE_HANDOVER.md,RETAIN_HISTORICAL,docs/decisions/OVC_OPT_D_ROBUSTNESS_PAPER_GATE_HANDOVER.md,R0C-DOC-CONSERVATIVE,Legacy documentation is retained for audit and crosswalk use without active selector or runtime authority.,100644,1865,aaf651ea4e1eba923a7ea0f520ea2c44c37ace20,04cd19fc72811e8effefb6f1a71a97b1f6a13faeaffc5609ec7ee22807b10f81
docs/decisions/OVC_OPT_D_VALIDATION_DECISION_NOTE_2025.md,RETAIN_HISTORICAL,docs/decisions/OVC_OPT_D_VALIDATION_DECISION_NOTE_2025.md,R0C-DOC-CONSERVATIVE,Legacy documentation is retained for audit and crosswalk use without active selector or runtime authority.,100644,1250,6b30da2f56c63f50319535fe7a7f0d62068552c0,a8356124df0c145da3f495ab1aab34e8b6eb058b395999ba89a109fdcea8d334
docs/history/README.md,RETAIN_HISTORICAL,docs/history/README.md,R0C-HISTORY,"Historical releases, decisions and evidence remain in place and immutable.",100644,2123,48118b04808fa80f0c4a8fee84cb023288bc1601,32d811fbb311234a9760c9282d1b4b94869d8ba6b69b32e0e75bd165780c2824
docs/history/releases/opt-a-discovery-2026-h1/OPT_A_SEAL_MANIFEST.json,RETAIN_HISTORICAL,docs/history/releases/opt-a-discovery-2026-h1/OPT_A_SEAL_MANIFEST.json,R0C-HISTORY,"Historical releases, decisions and evidence remain in place and immutable.",100644,4647,56367dd59398ff8a64e12cdd48e60178fdb334ce,912c14eab41d6952e6b4991389a8aa930254ae4839faa5a417b5e40c2a456b3a
docs/history/releases/opt-a-discovery-2026-h1/OPT_A_SEAL_RECORD.md,RETAIN_HISTORICAL,docs/history/releases/opt-a-discovery-2026-h1/OPT_A_SEAL_RECORD.md,R0C-HISTORY,"Historical releases, decisions and evidence remain in place and immutable.",100644,1256,b16aadb0154f86b418b2653e3b33f468952813ae,c4efde758858f75c63de7a5234b174375b8ecdfefb3108b8cd8f8de05451f17d
docs/history/releases/opt-a-discovery-2026-h1/reconciliation/OVC_OPT_A_RECONCILIATION_AUDIT_2026_H1.md,RETAIN_HISTORICAL,docs/history/releases/opt-a-discovery-2026-h1/reconciliation/OVC_OPT_A_RECONCILIATION_AUDIT_2026_H1.md,R0C-HISTORY,"Historical releases, decisions and evidence remain in place and immutable.",100644,4574,d8f38fa32433a670aad219e87fc79b2f4cf41190,ce5789e45c9bed0760ec2f0327b32740dc24b7fcca0d376f59c043e8857e6ba3
docs/history/releases/opt-a-discovery-2026-h1/reconciliation/opt_a_reconciliation_summary.json,RETAIN_HISTORICAL,docs/history/releases/opt-a-discovery-2026-h1/reconciliation/opt_a_reconciliation_summary.json,R0C-HISTORY,"Historical releases, decisions and evidence remain in place and immutable.",100644,2361,cc5d5674c24691bff60721ab50635a30df6182a9,c70ad2e0cafd5be687f42ca5ecd6ff6ad0e4f55fb8defc72df26950a97287a2a
docs/history/releases/opt-a-reconciliation-2026-h1/OVC_OPT_A_RECONCILIATION_AUDIT_2026_H1.md,RETAIN_HISTORICAL,docs/history/releases/opt-a-reconciliation-2026-h1/OVC_OPT_A_RECONCILIATION_AUDIT_2026_H1.md,R0C-HISTORY,"Historical releases, decisions and evidence remain in place and immutable.",100644,4574,d8f38fa32433a670aad219e87fc79b2f4cf41190,ce5789e45c9bed0760ec2f0327b32740dc24b7fcca0d376f59c043e8857e6ba3
docs/history/releases/opt-a-reconciliation-2026-h1/opt_a_reconciliation_summary.json,RETAIN_HISTORICAL,docs/history/releases/opt-a-reconciliation-2026-h1/opt_a_reconciliation_summary.json,R0C-HISTORY,"Historical releases, decisions and evidence remain in place and immutable.",100644,2361,cc5d5674c24691bff60721ab50635a30df6182a9,c70ad2e0cafd5be687f42ca5ecd6ff6ad0e4f55fb8defc72df26950a97287a2a
docs/history/releases/opt-a-validation-2025/OPT_A_GBPUSD_2025_VALIDATION_SEAL_REPORT.md,RETAIN_HISTORICAL,docs/history/releases/opt-a-validation-2025/OPT_A_GBPUSD_2025_VALIDATION_SEAL_REPORT.md,R0C-HISTORY,"Historical releases, decisions and evidence remain in place and immutable.",100644,1193,f0aecbfb9b88d1b205d82f0c68536e38420b32e7,ded44a62f6b7beadf2bb74ff503865700145818c8ad10249a39682b8916e6c40
docs/history/releases/opt-a-validation-2025/OPT_A_SEAL_MANIFEST.json,RETAIN_HISTORICAL,docs/history/releases/opt-a-validation-2025/OPT_A_SEAL_MANIFEST.json,R0C-HISTORY,"Historical releases, decisions and evidence remain in place and immutable.",100644,4694,8333345040142c7a74ea1cd6cf4361fa5ba2862e,68d003fb171e6e39676f435662c14eacac03c765f70726b65618e33439cb8d9b
docs/history/releases/opt-a-validation-2025/OPT_A_VALIDATION_SEAL_VALIDATION.json,RETAIN_HISTORICAL,docs/history/releases/opt-a-validation-2025/OPT_A_VALIDATION_SEAL_VALIDATION.json,R0C-HISTORY,"Historical releases, decisions and evidence remain in place and immutable.",100644,2906,81d6928ae0a5ba88f54e3a56ef2dcfe8f238f05a,b068635a4d516c8198fb0231e08551800b7581b806b106f3c5b3ee8e5c509461
docs/history/releases/opt-a-validation-2025/OPT_A_VALIDATION_SEAL_VALIDATION.md,RETAIN_HISTORICAL,docs/history/releases/opt-a-validation-2025/OPT_A_VALIDATION_SEAL_VALIDATION.md,R0C-HISTORY,"Historical releases, decisions and evidence remain in place and immutable.",100644,488,466d9edf802a0b1e6f0df2da3f4cd303ad43c7f1,08ca2fd731287b530b254b509944cb77d3f9e20d68c30f26eff2128186c05311
docs/history/releases/opt-a-validation-2025/quality/OPT_A_VALIDATION_INGESTION_SUMMARY.json,RETAIN_HISTORICAL,docs/history/releases/opt-a-validation-2025/quality/OPT_A_VALIDATION_INGESTION_SUMMARY.json,R0C-HISTORY,"Historical releases, decisions and evidence remain in place and immutable.",100644,1353,cbd7521c9fa48a21698c3e158acee051af523a29,246255b5f76c9c7b2f94177eb1964bd28c1892c8e7f7a08339184e91ac4ee03d
docs/history/releases/opt-a-validation-2025/retrieval/DUKASCOPY_RETRIEVAL_MANIFEST.json,RETAIN_HISTORICAL,docs/history/releases/opt-a-validation-2025/retrieval/DUKASCOPY_RETRIEVAL_MANIFEST.json,R0C-HISTORY,"Historical releases, decisions and evidence remain in place and immutable.",100644,1075,82af9891b6c9a55281b3b6cd4e8ac36fe6bbcd61,3bbb0f2b654a3be3b44681d8a55caea5f0c9181143cc0602f873860d36430bd8
docs/history/releases/opt-b-complete-replay-0.1/OPT_B_COMPLETE_REPLAY_MANIFEST.json,RETAIN_HISTORICAL,docs/history/releases/opt-b-complete-replay-0.1/OPT_B_COMPLETE_REPLAY_MANIFEST.json,R0C-HISTORY,"Historical releases, decisions and evidence remain in place and immutable.",100644,11579,b94730e2b05754fdee83309905b23a65357ffdd5,af8706e5f4a167b83025016f2dd38c3be43da6801ff6b2c5c9f588517448b9ef
docs/history/releases/opt-b-complete-replay-0.1/OVC_OPT_B_COMPLETE_HISTORICAL_REPLAY_REPORT.md,RETAIN_HISTORICAL,docs/history/releases/opt-b-complete-replay-0.1/OVC_OPT_B_COMPLETE_HISTORICAL_REPLAY_REPORT.md,R0C-HISTORY,"Historical releases, decisions and evidence remain in place and immutable.",100644,1063,56a8b49ad3e10eb79ac1446581922ecf6b1a841b,a4cd7b9e506da3af049c7ad57e9163c489be4ad4132f274d44da9aa4b03f0b35
docs/history/releases/opt-b-complete-replay-0.1/coverage_15m.json,RETAIN_HISTORICAL,docs/history/releases/opt-b-complete-replay-0.1/coverage_15m.json,R0C-HISTORY,"Historical releases, decisions and evidence remain in place and immutable.",100644,2892,5241cee4d5b1f01f391675c406f3023a09fd8446,e0696084cc1f89fb54233148282619fd85d131c097c29dddd2b6ae52a9b212c8
docs/history/releases/opt-b-complete-replay-0.1/coverage_2h.json,RETAIN_HISTORICAL,docs/history/releases/opt-b-complete-replay-0.1/coverage_2h.json,R0C-HISTORY,"Historical releases, decisions and evidence remain in place and immutable.",100644,2773,3815c5444e7663395ec3bae7c9a02ef03d262be1,5c87606cf4925293e5195ef330a8b80e9a8fce99c7921a8861d8f27ad541dafa
docs/history/releases/opt-b-reference-registry-0.1/OPT_A_TO_OPT_B_HANDOFF.md,RETAIN_HISTORICAL,docs/history/releases/opt-b-reference-registry-0.1/OPT_A_TO_OPT_B_HANDOFF.md,R0C-HISTORY,"Historical releases, decisions and evidence remain in place and immutable.",100644,1473,85abed1f427af475fc0d12f1233bbad488e177ba,d1f8328f49b0762d81fcf72063d45ecf8d07ce618e828a2606b477ef6244df4f
docs/history/releases/opt-b-reference-registry-0.1/OVC_OPT_B_REFERENCE_LEVEL_REGISTRY_v0_1.md,RETAIN_HISTORICAL,docs/history/releases/opt-b-reference-registry-0.1/OVC_OPT_B_REFERENCE_LEVEL_REGISTRY_v0_1.md,R0C-HISTORY,"Historical releases, decisions and evidence remain in place and immutable.",100644,1903,1e48803f36243f41820a3569f8e2cf0858e4d889,18cb5835ddacae51687ba60ec1aab04fcc530bf6632e47fb27fd1db76d0a2579
docs/history/releases/opt-b-reference-registry-0.1/REFERENCE_LEVEL_REGISTRY_MANIFEST.json,RETAIN_HISTORICAL,docs/history/releases/opt-b-reference-registry-0.1/REFERENCE_LEVEL_REGISTRY_MANIFEST.json,R0C-HISTORY,"Historical releases, decisions and evidence remain in place and immutable.",100644,3850,74868d492c233110873f72e6480ee63d71c65c2a,dbb43822182c3953be0ef397d46d3812a488b5dcb01d148c086e52dfa450d9fb
docs/history/releases/opt-b-reference-registry-0.1/REFERENCE_LEVEL_REGISTRY_VALIDATION.json,RETAIN_HISTORICAL,docs/history/releases/opt-b-reference-registry-0.1/REFERENCE_LEVEL_REGISTRY_VALIDATION.json,R0C-HISTORY,"Historical releases, decisions and evidence remain in place and immutable.",100644,1557,613871fc34a9c5fc97613996d3b8dc0941f5eb54,048f86a4d84d3064cef1f9d729a7b8112b94ef2086057eca8d2b289b708a61e0
docs/history/releases/opt-b-reference-registry-0.1/REFERENCE_LEVEL_REGISTRY_VALIDATION.md,RETAIN_HISTORICAL,docs/history/releases/opt-b-reference-registry-0.1/REFERENCE_LEVEL_REGISTRY_VALIDATION.md,R0C-HISTORY,"Historical releases, decisions and evidence remain in place and immutable.",100644,1094,7180879e4e7e84254b5fb0b70ed657afc36e3e10,c9962df1c9b5bf73f26351778da829ee3e8cab4fea92815d6e70f2ec6e13e1c6
docs/history/releases/opt-b-reference-registry-0.1/contracts/OVC_OPT_B_DETERMINISTIC_TERM_CONTRACTS_v0_1.md,RETAIN_HISTORICAL,docs/history/releases/opt-b-reference-registry-0.1/contracts/OVC_OPT_B_DETERMINISTIC_TERM_CONTRACTS_v0_1.md,R0C-HISTORY,"Historical releases, decisions and evidence remain in place and immutable.",100644,18694,f2d4579044a41d8c3b6d9b7740b9b70d5f602657,c3b3396389c11dc477d12a10b0706b9a8c95b755be657f9f2a256f3693d786fb
docs/history/releases/opt-b-relevance-0.2/OPERATOR_SEMANTIC_RATIFICATION_CHECKLIST.md,RETAIN_HISTORICAL,docs/history/releases/opt-b-relevance-0.2/OPERATOR_SEMANTIC_RATIFICATION_CHECKLIST.md,R0C-HISTORY,"Historical releases, decisions and evidence remain in place and immutable.",100644,2180,846031ef7d0dfd7314bef383df0e01767400f479,cdd4a73b0157c33de34cde1f483aae3bc744ba75fc7d697dd8af9c632a57951a
docs/history/releases/opt-b-relevance-0.2/OVC_OPT_B_LEVEL_RELEVANCE_RETIREMENT_CONTRACT_v0_2.md,RETAIN_HISTORICAL,docs/history/releases/opt-b-relevance-0.2/OVC_OPT_B_LEVEL_RELEVANCE_RETIREMENT_CONTRACT_v0_2.md,R0C-HISTORY,"Historical releases, decisions and evidence remain in place and immutable.",100644,4525,8ecd764137806907f6fd621fe73d177c0f3b39ec,5dfa45e831c327bfa31e182b812582d11ad899d897fed6765bdcf67464a7f873
docs/history/releases/opt-b-relevance-0.2/OVC_OPT_B_RELEVANCE_SEMANTIC_SENSITIVITY_REVIEW_v0_2.md,RETAIN_HISTORICAL,docs/history/releases/opt-b-relevance-0.2/OVC_OPT_B_RELEVANCE_SEMANTIC_SENSITIVITY_REVIEW_v0_2.md,R0C-HISTORY,"Historical releases, decisions and evidence remain in place and immutable.",100644,4877,fa48df0db73df42f0cba3b48dde62036acbac34b,8312f66e10e2bec4cb8fa2ba15941513acbb67fdb04584800ebbb372319dc53a
docs/history/releases/opt-b-relevance-0.2/RELEVANCE_REVIEW_MANIFEST.json,RETAIN_HISTORICAL,docs/history/releases/opt-b-relevance-0.2/RELEVANCE_REVIEW_MANIFEST.json,R0C-HISTORY,"Historical releases, decisions and evidence remain in place and immutable.",100644,1945,b921503d6f6c2524787b75291f7501e66fe60f35,d29665d31cc95c0c660afdc6a2e80ffae19db045aee79f0c36847604019b3015
docs/history/releases/opt-b-relevance-0.2/relevance_semantic_threshold_results.json,RETAIN_HISTORICAL,docs/history/releases/opt-b-relevance-0.2/relevance_semantic_threshold_results.json,R0C-HISTORY,"Historical releases, decisions and evidence remain in place and immutable.",100644,19348,90771e3b5ee5b4b52129a47dbafbb59751ca9dc5,7437a53b73218671c76ac114940cf56f950df542b122d44c9a59a5404e8df465
docs/history/releases/opt-b-state-0.3/B_STATE_0_3_OPERATOR_REVIEW_CHECKLIST.md,RETAIN_HISTORICAL,docs/history/releases/opt-b-state-0.3/B_STATE_0_3_OPERATOR_REVIEW_CHECKLIST.md,R0C-HISTORY,"Historical releases, decisions and evidence remain in place and immutable.",100644,1345,8dac6f7aa54be61f1df0c8f1ae304c5e09ac5355,e6c732d8cf8dfead85d540eda8dfe4000da99fc104d537cab241de4d69e7c489
docs/history/releases/opt-b-state-0.3/B_STATE_0_3_REPLAY_MANIFEST.json,RETAIN_HISTORICAL,docs/history/releases/opt-b-state-0.3/B_STATE_0_3_REPLAY_MANIFEST.json,R0C-HISTORY,"Historical releases, decisions and evidence remain in place and immutable.",100644,34463,6ee9e59bc522f0e42705e2026a6c99b2c9eb6727,a59a4bec30c1559fee4843c0ce5fa5f6b4705db32b01331cf3ec27a37fbb270c
docs/history/releases/opt-b-state-0.3/B_STATE_0_3_VALIDATION.json,RETAIN_HISTORICAL,docs/history/releases/opt-b-state-0.3/B_STATE_0_3_VALIDATION.json,R0C-HISTORY,"Historical releases, decisions and evidence remain in place and immutable.",100644,2865,5ea87597804ca0d7dd56631eaaef2fd7cc37e36a,b0aebdc9be5e7c3174b91f6debd57b9ef2ba8957ed4923284ef6890e2c6e8d3b
docs/history/releases/opt-b-state-0.3/B_STATE_0_3_VALIDATION.md,RETAIN_HISTORICAL,docs/history/releases/opt-b-state-0.3/B_STATE_0_3_VALIDATION.md,R0C-HISTORY,"Historical releases, decisions and evidence remain in place and immutable.",100644,432,b31cee28821045614e9a21c080c891d7c69dc601,db8da2b31bb5bcfd1f2b870e89d25f5721266098429f274a4c2bb277305c4669
docs/history/releases/opt-b-state-0.3/OVC_OPT_B_COMPLETE_REPLAY_INPUT_REPAIR_RECORD.md,RETAIN_HISTORICAL,docs/history/releases/opt-b-state-0.3/OVC_OPT_B_COMPLETE_REPLAY_INPUT_REPAIR_RECORD.md,R0C-HISTORY,"Historical releases, decisions and evidence remain in place and immutable.",100644,1582,a7246d5fb99d303375d05e4d16ccf6bcdeb90f16,1f4f9faecb4a8453717306c4524f3559f1f6f38e9dc4ac6323833b5613ef2c02
docs/history/releases/opt-b-state-0.3/OVC_OPT_B_PARALLEL_AXIS_STATE_CONTRACT_v0_3.md,RETAIN_HISTORICAL,docs/history/releases/opt-b-state-0.3/OVC_OPT_B_PARALLEL_AXIS_STATE_CONTRACT_v0_3.md,R0C-HISTORY,"Historical releases, decisions and evidence remain in place and immutable.",100644,3367,5e5aef9f8f9b48289eec1ac749768a48bdf7232d,720a0458e6f7bdde4a082430056c65d8027a46e47fe6eb6782cbfd130c0be40d
docs/history/releases/opt-b-state-0.3/OVC_OPT_B_STATE_v0_3_H1_COMPARISON_REPORT.md,RETAIN_HISTORICAL,docs/history/releases/opt-b-state-0.3/OVC_OPT_B_STATE_v0_3_H1_COMPARISON_REPORT.md,R0C-HISTORY,"Historical releases, decisions and evidence remain in place and immutable.",100644,2406,fdaff72b7bea0ebedbfd1a5a6ed4e3f0bc93fe80,e035e4b40e8a174740c2d5bf52566f95bb3d6db84f3fa51017d89f5194a01390
docs/history/releases/opt-b-state-0.3/b_state_0_3_comparison_summary.json,RETAIN_HISTORICAL,docs/history/releases/opt-b-state-0.3/b_state_0_3_comparison_summary.json,R0C-HISTORY,"Historical releases, decisions and evidence remain in place and immutable.",100644,29033,f1a2bb8b7ee7aca22065205f6a955864bc90738f,4d5d813ead71d6e5929c6bcf2853abfc4e2ea4bf96ae8578bfb7c82c4446485e
docs/history/releases/opt-b-state-0.3a/B_STATE_0_3A_OPERATOR_REVIEW_CHECKLIST.md,RETAIN_HISTORICAL,docs/history/releases/opt-b-state-0.3a/B_STATE_0_3A_OPERATOR_REVIEW_CHECKLIST.md,R0C-HISTORY,"Historical releases, decisions and evidence remain in place and immutable.",100644,1291,e79173f1b9f2db890e42135610ab9dab9ee069bb,cdfd11165c6a893b75969d389ac1ccad7fb6a83ccf7e8b665656d434e654668f
docs/history/releases/opt-b-state-0.3a/B_STATE_0_3A_REPLAY_MANIFEST.json,RETAIN_HISTORICAL,docs/history/releases/opt-b-state-0.3a/B_STATE_0_3A_REPLAY_MANIFEST.json,R0C-HISTORY,"Historical releases, decisions and evidence remain in place and immutable.",100644,60838,d6cc141147ea6d5b8742ef081a03c320c1ae0cea,eda78023738239252b3c244e1a62a14aeb371153c6a26dc468a6b4fdf45bc61f
docs/history/releases/opt-b-state-0.3a/B_STATE_0_3A_VALIDATION.json,RETAIN_HISTORICAL,docs/history/releases/opt-b-state-0.3a/B_STATE_0_3A_VALIDATION.json,R0C-HISTORY,"Historical releases, decisions and evidence remain in place and immutable.",100644,3898,099937b3475eae1dfca3bdad5ea896851cc40796,9af53165aaa2ffc2f1fcd653dfcfef348c442e0d73d05a13b3cee29b40e632fc
docs/history/releases/opt-b-state-0.3a/B_STATE_0_3A_VALIDATION.md,RETAIN_HISTORICAL,docs/history/releases/opt-b-state-0.3a/B_STATE_0_3A_VALIDATION.md,R0C-HISTORY,"Historical releases, decisions and evidence remain in place and immutable.",100644,533,b08140a6ad903629c84a1af69fb31913722a5582,4f014dc6530d1fa6e7a9f4be829873f102a1f2af9ce6c13a73e634d1f15ce2c9
docs/history/releases/opt-b-state-0.3a/OVC_OPT_B_ACCEPTANCE_RELATION_INVENTORY_CONTRACT_v0_3a.md,RETAIN_HISTORICAL,docs/history/releases/opt-b-state-0.3a/OVC_OPT_B_ACCEPTANCE_RELATION_INVENTORY_CONTRACT_v0_3a.md,R0C-HISTORY,"Historical releases, decisions and evidence remain in place and immutable.",100644,3071,d202ef3524e91aeb923578fc18983ab5bca2af80,d0673a29c8e871e5a93e2df1b7b49f2e5a80a888fd06bd7caf61cf6895a545be
docs/history/releases/opt-b-state-0.3a/OVC_OPT_B_COMPLETE_REPLAY_INPUT_REPAIR_RECORD.md,RETAIN_HISTORICAL,docs/history/releases/opt-b-state-0.3a/OVC_OPT_B_COMPLETE_REPLAY_INPUT_REPAIR_RECORD.md,R0C-HISTORY,"Historical releases, decisions and evidence remain in place and immutable.",100644,1582,a7246d5fb99d303375d05e4d16ccf6bcdeb90f16,1f4f9faecb4a8453717306c4524f3559f1f6f38e9dc4ac6323833b5613ef2c02
docs/history/releases/opt-b-state-0.3a/OVC_OPT_B_STATE_v0_3A_H1_REPLAY_REPORT.md,RETAIN_HISTORICAL,docs/history/releases/opt-b-state-0.3a/OVC_OPT_B_STATE_v0_3A_H1_REPLAY_REPORT.md,R0C-HISTORY,"Historical releases, decisions and evidence remain in place and immutable.",100644,2873,8c77e5624d509f4fbc8954d58095acb79ac897ec,2f66fbac9a0ff74e4441b5b01ef2b6d00bc57e5cd7b5edfdb1be74a6389175e2
docs/history/releases/opt-b-state-0.3a/b_state_0_3a_replay_summary.json,RETAIN_HISTORICAL,docs/history/releases/opt-b-state-0.3a/b_state_0_3a_replay_summary.json,R0C-HISTORY,"Historical releases, decisions and evidence remain in place and immutable.",100644,53291,1a7e9653159571413684c10d70957bba27456041,24c87fda094c261df533203d90eaac3db57e37674a9b736a40b76c00126b9958
docs/history/releases/opt-b-state-0.3b-ratified/B_STATE_0_3A_REPRESENTATION_RATIFICATION_RECORD.md,RETAIN_HISTORICAL,docs/history/releases/opt-b-state-0.3b-ratified/B_STATE_0_3A_REPRESENTATION_RATIFICATION_RECORD.md,R0C-HISTORY,"Historical releases, decisions and evidence remain in place and immutable.",100644,1605,92997e81866989ab99310b4c676389fb3d7efa2d,2aba7c8c67ee0eecdb577df6cfd9ff8a2e2e2c611e771cfa1f8d22fd490a13c9
docs/history/releases/opt-b-state-0.3b-ratified/B_STATE_0_3B_RATIFICATION_RECORD.md,RETAIN_HISTORICAL,docs/history/releases/opt-b-state-0.3b-ratified/B_STATE_0_3B_RATIFICATION_RECORD.md,R0C-HISTORY,"Historical releases, decisions and evidence remain in place and immutable.",100644,1702,e7cc9316c399a04107028b0c74ed43948e9f6a9d,d6a348a4294f1d75e9163e0d37f9f522e89e011f040d07a0e5dfdee1ffcd2c2f
docs/history/releases/opt-b-state-0.3b-ratified/B_STATE_0_3B_RATIFIED_MANIFEST.json,RETAIN_HISTORICAL,docs/history/releases/opt-b-state-0.3b-ratified/B_STATE_0_3B_RATIFIED_MANIFEST.json,R0C-HISTORY,"Historical releases, decisions and evidence remain in place and immutable.",100644,22328,31d13ece7dad7da65d5ca231353dd706354db8f6,498f640c9a50e9222158ed0f4750ee0076b688db6f2fcf8d4014684e5baa7044
docs/history/releases/opt-b-state-0.3b-ratified/B_STATE_0_3B_RATIFIED_VALIDATION.json,RETAIN_HISTORICAL,docs/history/releases/opt-b-state-0.3b-ratified/B_STATE_0_3B_RATIFIED_VALIDATION.json,R0C-HISTORY,"Historical releases, decisions and evidence remain in place and immutable.",100644,4227,2a1b9429de2ab92d1761c95c443941d0126dcf10,188de150519222f900fa2aacf1139fffcd2188fafb410060b90b42bc72767268
docs/history/releases/opt-b-state-0.3b-ratified/B_STATE_0_3B_RATIFIED_VALIDATION.md,RETAIN_HISTORICAL,docs/history/releases/opt-b-state-0.3b-ratified/B_STATE_0_3B_RATIFIED_VALIDATION.md,R0C-HISTORY,"Historical releases, decisions and evidence remain in place and immutable.",100644,407,8d8797316fd5c73f4ebf767fa4db2a11722f1629,1c75e71a67c0293d8960ba1512f160a1f5c361bd36025f0d4f07cb96d5c6c4fb
docs/history/releases/opt-b-state-0.3b-ratified/OVC_OPT_B_ACCEPTANCE_FRONTIER_STATE_CONTRACT_v0_3b.md,RETAIN_HISTORICAL,docs/history/releases/opt-b-state-0.3b-ratified/OVC_OPT_B_ACCEPTANCE_FRONTIER_STATE_CONTRACT_v0_3b.md,R0C-HISTORY,"Historical releases, decisions and evidence remain in place and immutable.",100644,2285,14a1e52d5cbbd853462c4d41067b478eaab79927,ae39b9c8e7c90cc936508ba03f2b49620206d41bf80ac7815d0e4ce91d889606
docs/history/releases/opt-b-state-0.3b-ratified/OVC_OPT_B_STATE_v0_3B_RATIFIED_H1_RELEASE_REPORT.md,RETAIN_HISTORICAL,docs/history/releases/opt-b-state-0.3b-ratified/OVC_OPT_B_STATE_v0_3B_RATIFIED_H1_RELEASE_REPORT.md,R0C-HISTORY,"Historical releases, decisions and evidence remain in place and immutable.",100644,985,1726065c23d0a859d219aeee56d7d4a21fc4b62e,80c9c86f3bf70e13a7263408b1a2fdeff846429c2043ced9b6e2588b218ae4c2
docs/history/releases/opt-b-state-0.3b-ratified/b_state_0_3b_ratified_summary.json,RETAIN_HISTORICAL,docs/history/releases/opt-b-state-0.3b-ratified/b_state_0_3b_ratified_summary.json,R0C-HISTORY,"Historical releases, decisions and evidence remain in place and immutable.",100644,17967,b6960bd13fa64cc9d6cbee04bb92983a2d07fd1b,9a3c18f09acf3e334def23abf28c9395a40cbb338abca37cd5671379533fb834
docs/history/releases/opt-b-state-0.3b-review/B_STATE_0_3A_REPRESENTATION_RATIFICATION_RECORD.md,RETAIN_HISTORICAL,docs/history/releases/opt-b-state-0.3b-review/B_STATE_0_3A_REPRESENTATION_RATIFICATION_RECORD.md,R0C-HISTORY,"Historical releases, decisions and evidence remain in place and immutable.",100644,1605,92997e81866989ab99310b4c676389fb3d7efa2d,2aba7c8c67ee0eecdb577df6cfd9ff8a2e2e2c611e771cfa1f8d22fd490a13c9
docs/history/releases/opt-b-state-0.3b-review/B_STATE_0_3B_OPERATOR_REVIEW_CHECKLIST.md,RETAIN_HISTORICAL,docs/history/releases/opt-b-state-0.3b-review/B_STATE_0_3B_OPERATOR_REVIEW_CHECKLIST.md,R0C-HISTORY,"Historical releases, decisions and evidence remain in place and immutable.",100644,959,df68fb4c27ea81466322aab5030642811f685f33,fefeefab5bbfaaba1bca6836f802fb3f2fac539896d9101122b7d85edcdda790
docs/history/releases/opt-b-state-0.3b-review/B_STATE_0_3B_REVIEW_MANIFEST.json,RETAIN_HISTORICAL,docs/history/releases/opt-b-state-0.3b-review/B_STATE_0_3B_REVIEW_MANIFEST.json,R0C-HISTORY,"Historical releases, decisions and evidence remain in place and immutable.",100644,27939,e7721f84d2c24b18d7b9717f25cf53c2bc8b9e86,6bfbe73d894980b92a6ce1e846a778f6f1fa0708416f95eccf4fdb1eec6928ec
docs/history/releases/opt-b-state-0.3b-review/B_STATE_0_3B_REVIEW_VALIDATION.json,RETAIN_HISTORICAL,docs/history/releases/opt-b-state-0.3b-review/B_STATE_0_3B_REVIEW_VALIDATION.json,R0C-HISTORY,"Historical releases, decisions and evidence remain in place and immutable.",100644,3379,dfcda0697e903961fbbb31691290761994155c6d,c58c6aea41b4c6422382b0b14b76a904844b6f3317d29f7d57c601eb00cbbd48
docs/history/releases/opt-b-state-0.3b-review/B_STATE_0_3B_REVIEW_VALIDATION.md,RETAIN_HISTORICAL,docs/history/releases/opt-b-state-0.3b-review/B_STATE_0_3B_REVIEW_VALIDATION.md,R0C-HISTORY,"Historical releases, decisions and evidence remain in place and immutable.",100644,539,3240d48a97c14d87918ed1292ce5ac6e5d106e29,07f42b5c13dafdcda7c62b3d4049c7c1ebfc43d83789b455626b9b84e84fcb42
docs/history/releases/opt-b-state-0.3b-review/OVC_OPT_B_ACCEPTANCE_FRONTIER_SEMANTIC_REVIEW_CONTRACT_v0_3b.md,RETAIN_HISTORICAL,docs/history/releases/opt-b-state-0.3b-review/OVC_OPT_B_ACCEPTANCE_FRONTIER_SEMANTIC_REVIEW_CONTRACT_v0_3b.md,R0C-HISTORY,"Historical releases, decisions and evidence remain in place and immutable.",100644,1619,e9618b55b7e2d51df40db6b5ee96cbe5648c4e01,bf7aec7fa3e777173bcd3f7059d26a7108a264f5e5165c714668716ded42489f
docs/history/releases/opt-b-state-0.3b-review/OVC_OPT_B_STATE_v0_3B_ACCEPTANCE_FRONTIER_SEMANTIC_REVIEW.md,RETAIN_HISTORICAL,docs/history/releases/opt-b-state-0.3b-review/OVC_OPT_B_STATE_v0_3B_ACCEPTANCE_FRONTIER_SEMANTIC_REVIEW.md,R0C-HISTORY,"Historical releases, decisions and evidence remain in place and immutable.",100644,2887,11920222c0eca4ed2e3916803bbabab57bb1c985,7b04a9ee5c8cfc169b0a9abe95cd63547b7c8039e9a094d2ae1842093e8fe244
docs/history/releases/opt-b-state-0.3b-review/b_state_0_3b_semantic_review_summary.json,RETAIN_HISTORICAL,docs/history/releases/opt-b-state-0.3b-review/b_state_0_3b_semantic_review_summary.json,R0C-HISTORY,"Historical releases, decisions and evidence remain in place and immutable.",100644,23642,720a9fd8c13daa2c1fc6a319c17f727b98b89d44,8870099d45958c9c91b5d7c83db2261dbc6de7b646ab2b9f66dba47212c24efd
docs/history/releases/opt-c-anchor-0.1/B_STATE_0_3B_RATIFICATION_RECORD.md,RETAIN_HISTORICAL,docs/history/releases/opt-c-anchor-0.1/B_STATE_0_3B_RATIFICATION_RECORD.md,R0C-HISTORY,"Historical releases, decisions and evidence remain in place and immutable.",100644,1702,e7cc9316c399a04107028b0c74ed43948e9f6a9d,d6a348a4294f1d75e9163e0d37f9f522e89e011f040d07a0e5dfdee1ffcd2c2f
docs/history/releases/opt-c-anchor-0.1/OPT_C_EVENT_ANCHOR_LEDGER_MANIFEST.json,RETAIN_HISTORICAL,docs/history/releases/opt-c-anchor-0.1/OPT_C_EVENT_ANCHOR_LEDGER_MANIFEST.json,R0C-HISTORY,"Historical releases, decisions and evidence remain in place and immutable.",100644,6144,65d4bd83763df2a5fdc1432d6f3360d40324876b,640bde7d357bed5ea2dff20f8be68d00f6d545558c24c062057a9feeef300205
docs/history/releases/opt-c-anchor-0.1/OPT_C_EVENT_ANCHOR_LEDGER_VALIDATION.json,RETAIN_HISTORICAL,docs/history/releases/opt-c-anchor-0.1/OPT_C_EVENT_ANCHOR_LEDGER_VALIDATION.json,R0C-HISTORY,"Historical releases, decisions and evidence remain in place and immutable.",100644,2370,b6f0275b5bbc1816772bf53bbf26102b74fe239b,183b69334a7848169cb176e23666ff4d12034d9c3fdb6104d100478a4b109bd8
docs/history/releases/opt-c-anchor-0.1/OPT_C_EVENT_ANCHOR_LEDGER_VALIDATION.md,RETAIN_HISTORICAL,docs/history/releases/opt-c-anchor-0.1/OPT_C_EVENT_ANCHOR_LEDGER_VALIDATION.md,R0C-HISTORY,"Historical releases, decisions and evidence remain in place and immutable.",100644,403,fa21f110da973e41c3c7bcd8674a51aa1256a4ff,d5aeadef421f51a746917d8f650b74d44c9d9f90db061afd10a8f1b0f3fd8355
docs/history/releases/opt-c-anchor-0.1/OPT_C_OUTCOME_0_1_APPROVAL_RECORD.md,RETAIN_HISTORICAL,docs/history/releases/opt-c-anchor-0.1/OPT_C_OUTCOME_0_1_APPROVAL_RECORD.md,R0C-HISTORY,"Historical releases, decisions and evidence remain in place and immutable.",100644,907,b91872bfbf68a42bed683be9ed19572600cce2fa,0912d090ec6629709134d1953fef222860973b218df666e2239353aabc8bac1d
docs/history/releases/opt-c-anchor-0.1/OVC_OPT_C_EVENT_ANCHOR_LEDGER_REPORT_v0_1.md,RETAIN_HISTORICAL,docs/history/releases/opt-c-anchor-0.1/OVC_OPT_C_EVENT_ANCHOR_LEDGER_REPORT_v0_1.md,R0C-HISTORY,"Historical releases, decisions and evidence remain in place and immutable.",100644,1063,6231c70090a954c0f8b9bfa604318e029b05bfa3,0e27eaea389930f4d1f9c20096e38cdbfc6084588a6f3d04479ad3ec7c9c13f4
docs/history/releases/opt-c-anchor-0.1/OVC_OPT_C_NEUTRAL_FORWARD_OUTCOME_CONTRACT_v0_1.md,RETAIN_HISTORICAL,docs/history/releases/opt-c-anchor-0.1/OVC_OPT_C_NEUTRAL_FORWARD_OUTCOME_CONTRACT_v0_1.md,R0C-HISTORY,"Historical releases, decisions and evidence remain in place and immutable.",100644,3321,32018f8e543ebff8ed8928e6a7e48212f3f7e978,0285bcd4e52e48d9ac54d8c8644cd09307424e63736cd366fbdd1262ee979a13
docs/history/releases/opt-c-anchor-0.1/opt_c_event_anchor_ledger_summary.json,RETAIN_HISTORICAL,docs/history/releases/opt-c-anchor-0.1/opt_c_event_anchor_ledger_summary.json,R0C-HISTORY,"Historical releases, decisions and evidence remain in place and immutable.",100644,3273,51fe4f1d196d3275d1700312ae46174848e27c0d,e32c1835ac1f14648d9d8c83578187cc9fcba9117b786b12787d72e1d93a08c4
docs/history/releases/opt-c-coverage-0.1/OPT_C_FORWARD_PATH_COVERAGE_MANIFEST.json,RETAIN_HISTORICAL,docs/history/releases/opt-c-coverage-0.1/OPT_C_FORWARD_PATH_COVERAGE_MANIFEST.json,R0C-HISTORY,"Historical releases, decisions and evidence remain in place and immutable.",100644,20265,bd192fd5324331464343ed9353d008318df1538d,13d3ff2daa78dbf31eec99ac987237c77d20e13ca5c10a09b62fad95357b76fd
docs/history/releases/opt-c-coverage-0.1/OPT_C_FORWARD_PATH_COVERAGE_VALIDATION.json,RETAIN_HISTORICAL,docs/history/releases/opt-c-coverage-0.1/OPT_C_FORWARD_PATH_COVERAGE_VALIDATION.json,R0C-HISTORY,"Historical releases, decisions and evidence remain in place and immutable.",100644,2448,9d635190aa56eb8e325649410ef8508f6a51a170,e251f36adef2b048f04b912534082760b55a629fbb906f1419c58982c220dbfb
docs/history/releases/opt-c-coverage-0.1/OPT_C_FORWARD_PATH_COVERAGE_VALIDATION.md,RETAIN_HISTORICAL,docs/history/releases/opt-c-coverage-0.1/OPT_C_FORWARD_PATH_COVERAGE_VALIDATION.md,R0C-HISTORY,"Historical releases, decisions and evidence remain in place and immutable.",100644,435,f484b50bd325280a778818142c8e4e4ca0bd5df7,73d00b75a2930ad4db9866644167dc90c0265744fd3fdcf814684e7cc21a39f3
docs/history/releases/opt-c-coverage-0.1/OPT_C_OUTCOME_0_1_APPROVAL_RECORD.md,RETAIN_HISTORICAL,docs/history/releases/opt-c-coverage-0.1/OPT_C_OUTCOME_0_1_APPROVAL_RECORD.md,R0C-HISTORY,"Historical releases, decisions and evidence remain in place and immutable.",100644,907,b91872bfbf68a42bed683be9ed19572600cce2fa,0912d090ec6629709134d1953fef222860973b218df666e2239353aabc8bac1d
docs/history/releases/opt-c-coverage-0.1/OVC_OPT_C_FORWARD_PATH_COVERAGE_CENSORING_AUDIT_REPORT_v0_1.md,RETAIN_HISTORICAL,docs/history/releases/opt-c-coverage-0.1/OVC_OPT_C_FORWARD_PATH_COVERAGE_CENSORING_AUDIT_REPORT_v0_1.md,R0C-HISTORY,"Historical releases, decisions and evidence remain in place and immutable.",100644,2406,5923bad445784f932dfb892c2e2ec83569b2ef39,0cc3539512c02392788b3bc204f7eac9a691b2537159ef78e62ed120dbfdfe9a
docs/history/releases/opt-c-coverage-0.1/OVC_OPT_C_FORWARD_PATH_COVERAGE_CENSORING_CONTRACT_v0_1.md,RETAIN_HISTORICAL,docs/history/releases/opt-c-coverage-0.1/OVC_OPT_C_FORWARD_PATH_COVERAGE_CENSORING_CONTRACT_v0_1.md,R0C-HISTORY,"Historical releases, decisions and evidence remain in place and immutable.",100644,1738,7cfa2a1cc1196eca24afac56fd98dcef4a087bd3,73f6f5ffb8efe1a963aa293ed608437d3ae5bb89dba04bd2f758c940d3fc4180
docs/history/releases/opt-c-coverage-0.1/OVC_OPT_C_NEUTRAL_FORWARD_OUTCOME_CONTRACT_v0_1.md,RETAIN_HISTORICAL,docs/history/releases/opt-c-coverage-0.1/OVC_OPT_C_NEUTRAL_FORWARD_OUTCOME_CONTRACT_v0_1.md,R0C-HISTORY,"Historical releases, decisions and evidence remain in place and immutable.",100644,3321,32018f8e543ebff8ed8928e6a7e48212f3f7e978,0285bcd4e52e48d9ac54d8c8644cd09307424e63736cd366fbdd1262ee979a13
docs/history/releases/opt-c-coverage-0.1/opt_c_forward_path_coverage_summary.json,RETAIN_HISTORICAL,docs/history/releases/opt-c-coverage-0.1/opt_c_forward_path_coverage_summary.json,R0C-HISTORY,"Historical releases, decisions and evidence remain in place and immutable.",100644,16514,dc6c374e4718f5af4032a4957ccea84a78514cfa,84c7ed4ad5ae989e3ec2b8c5e5428cf0eb0f289823b189cef53de8bc7daff0eb
docs/history/releases/opt-c-measure-0.1.1/OPT_C_MEASURE_0_1_1_FRONTIER_NULLABILITY_REPAIR_RECORD.md,RETAIN_HISTORICAL,docs/history/releases/opt-c-measure-0.1.1/OPT_C_MEASURE_0_1_1_FRONTIER_NULLABILITY_REPAIR_RECORD.md,R0C-HISTORY,"Historical releases, decisions and evidence remain in place and immutable.",100644,733,6bc8fdd84cb36d2540d0219b636095d165ba095b,a9dd18e88a545f44c4746b1696ec3aaa050fe0eadb92093f6060f8c7d2b36c0b
docs/history/releases/opt-c-measure-0.1.1/OPT_C_NEUTRAL_OUTCOME_MEASUREMENT_MANIFEST.json,RETAIN_HISTORICAL,docs/history/releases/opt-c-measure-0.1.1/OPT_C_NEUTRAL_OUTCOME_MEASUREMENT_MANIFEST.json,R0C-HISTORY,"Historical releases, decisions and evidence remain in place and immutable.",100644,17924,737164fab51596816b29e0dafeee56f7fda6870d,10ba19574a9bc1bb882bdd9fbdbec6b2311c486d5217d9d6ac0333daa97ada82
docs/history/releases/opt-c-measure-0.1.1/OPT_C_NEUTRAL_OUTCOME_MEASUREMENT_VALIDATION.json,RETAIN_HISTORICAL,docs/history/releases/opt-c-measure-0.1.1/OPT_C_NEUTRAL_OUTCOME_MEASUREMENT_VALIDATION.json,R0C-HISTORY,"Historical releases, decisions and evidence remain in place and immutable.",100644,3391,352de343c04914265944092e4d92ee8cb54bf65f,ba62b2229acb611d3de32505b5b2392da03f1fb6cbf09d8fe7c6bd4573dc7572
docs/history/releases/opt-c-measure-0.1.1/OPT_C_NEUTRAL_OUTCOME_MEASUREMENT_VALIDATION.md,RETAIN_HISTORICAL,docs/history/releases/opt-c-measure-0.1.1/OPT_C_NEUTRAL_OUTCOME_MEASUREMENT_VALIDATION.md,R0C-HISTORY,"Historical releases, decisions and evidence remain in place and immutable.",100644,514,98d7b94509116862a244b74ca0550e1b029bae5a,8bd70cb6111402b41f03c9448b67b5f295b4f45df26d9bd4376603b1d0745b23
docs/history/releases/opt-c-measure-0.1.1/OPT_C_OUTCOME_0_1_APPROVAL_RECORD.md,RETAIN_HISTORICAL,docs/history/releases/opt-c-measure-0.1.1/OPT_C_OUTCOME_0_1_APPROVAL_RECORD.md,R0C-HISTORY,"Historical releases, decisions and evidence remain in place and immutable.",100644,907,b91872bfbf68a42bed683be9ed19572600cce2fa,0912d090ec6629709134d1953fef222860973b218df666e2239353aabc8bac1d
docs/history/releases/opt-c-measure-0.1.1/OVC_OPT_C_FORWARD_PATH_COVERAGE_CENSORING_CONTRACT_v0_1.md,RETAIN_HISTORICAL,docs/history/releases/opt-c-measure-0.1.1/OVC_OPT_C_FORWARD_PATH_COVERAGE_CENSORING_CONTRACT_v0_1.md,R0C-HISTORY,"Historical releases, decisions and evidence remain in place and immutable.",100644,1738,7cfa2a1cc1196eca24afac56fd98dcef4a087bd3,73f6f5ffb8efe1a963aa293ed608437d3ae5bb89dba04bd2f758c940d3fc4180
docs/history/releases/opt-c-measure-0.1.1/OVC_OPT_C_NEUTRAL_FORWARD_OUTCOME_CONTRACT_v0_1.md,RETAIN_HISTORICAL,docs/history/releases/opt-c-measure-0.1.1/OVC_OPT_C_NEUTRAL_FORWARD_OUTCOME_CONTRACT_v0_1.md,R0C-HISTORY,"Historical releases, decisions and evidence remain in place and immutable.",100644,3321,32018f8e543ebff8ed8928e6a7e48212f3f7e978,0285bcd4e52e48d9ac54d8c8644cd09307424e63736cd366fbdd1262ee979a13
docs/history/releases/opt-c-measure-0.1.1/OVC_OPT_C_NEUTRAL_FORWARD_OUTCOME_MEASUREMENT_REPORT_v0_1_1.md,RETAIN_HISTORICAL,docs/history/releases/opt-c-measure-0.1.1/OVC_OPT_C_NEUTRAL_FORWARD_OUTCOME_MEASUREMENT_REPORT_v0_1_1.md,R0C-HISTORY,"Historical releases, decisions and evidence remain in place and immutable.",100644,2104,4b3f5189f9001dc7c0846d9de340475c95ae85b8,4f2bbac63871af8d72eb57599d631c81e9ce27031f5efb450d037e9d4bffad91
docs/history/releases/opt-c-measure-0.1.1/OVC_OPT_C_NEUTRAL_MEASUREMENT_IMPLEMENTATION_CONTRACT_v0_1_1.md,RETAIN_HISTORICAL,docs/history/releases/opt-c-measure-0.1.1/OVC_OPT_C_NEUTRAL_MEASUREMENT_IMPLEMENTATION_CONTRACT_v0_1_1.md,R0C-HISTORY,"Historical releases, decisions and evidence remain in place and immutable.",100644,1279,438780ac35491912fff7b1dd868b31c8802ee660,946aaf21d7816b1d2e9195d39c2d4d81d0890cf0d764ad2cfb2a72c2ce9776ba
docs/history/releases/opt-c-measure-0.1.1/opt_c_neutral_outcome_measurement_summary.json,RETAIN_HISTORICAL,docs/history/releases/opt-c-measure-0.1.1/opt_c_neutral_outcome_measurement_summary.json,R0C-HISTORY,"Historical releases, decisions and evidence remain in place and immutable.",100644,13718,5866582cd65fe20058ccec399090c871c087c1f8,23c8447a8e6b8901a498bb72130cb69e408de64bfafcccb9872f5406785bd5ee
docs/history/releases/opt-c-semantic-review-0.1/OPT_C_SEMANTIC_SANITY_REVIEW_MANIFEST.json,RETAIN_HISTORICAL,docs/history/releases/opt-c-semantic-review-0.1/OPT_C_SEMANTIC_SANITY_REVIEW_MANIFEST.json,R0C-HISTORY,"Historical releases, decisions and evidence remain in place and immutable.",100644,52881,6667316af9896a26d785663ca15397fb023e79e5,bb2009ea1abf154ac87db26dc1aa151f585ed49525f5cc83fc613839b7ab1676
docs/history/releases/opt-c-semantic-review-0.1/OPT_C_SEMANTIC_SANITY_REVIEW_VALIDATION.json,RETAIN_HISTORICAL,docs/history/releases/opt-c-semantic-review-0.1/OPT_C_SEMANTIC_SANITY_REVIEW_VALIDATION.json,R0C-HISTORY,"Historical releases, decisions and evidence remain in place and immutable.",100644,2233,dfc62cc4b6b25ad8aec7f3c2b0b5407b515504ee,4d1232f5fbf23691a75025ddb0492e8a0e78cf2a1f8c0653fcf1081861481af4
docs/history/releases/opt-c-semantic-review-0.1/OPT_C_SEMANTIC_SANITY_REVIEW_VALIDATION.md,RETAIN_HISTORICAL,docs/history/releases/opt-c-semantic-review-0.1/OPT_C_SEMANTIC_SANITY_REVIEW_VALIDATION.md,R0C-HISTORY,"Historical releases, decisions and evidence remain in place and immutable.",100644,531,aeadd1a40de6dac03589dba5014cfdbf157569b1,6d4da177f4910bf5fb573913fbe7243dd4cdd47f30a23313079e8457fe93f50c
docs/history/releases/opt-c-semantic-review-0.1/OVC_OPT_C_NEUTRAL_MEASUREMENT_IMPLEMENTATION_CONTRACT_v0_1_1.md,RETAIN_HISTORICAL,docs/history/releases/opt-c-semantic-review-0.1/OVC_OPT_C_NEUTRAL_MEASUREMENT_IMPLEMENTATION_CONTRACT_v0_1_1.md,R0C-HISTORY,"Historical releases, decisions and evidence remain in place and immutable.",100644,1279,438780ac35491912fff7b1dd868b31c8802ee660,946aaf21d7816b1d2e9195d39c2d4d81d0890cf0d764ad2cfb2a72c2ce9776ba
docs/history/releases/opt-c-semantic-review-0.1/OVC_OPT_C_SEMANTIC_SANITY_REVIEW_CONTRACT_v0_1.md,RETAIN_HISTORICAL,docs/history/releases/opt-c-semantic-review-0.1/OVC_OPT_C_SEMANTIC_SANITY_REVIEW_CONTRACT_v0_1.md,R0C-HISTORY,"Historical releases, decisions and evidence remain in place and immutable.",100644,1955,a951a9dfd58079da9fe967304b13f9feb464de08,5e039a3523d7538685770324d1e3be23ddb473ce6e1de936fc37ebdb83e00fc9
docs/history/releases/opt-c-semantic-review-0.1/OVC_OPT_C_SEMANTIC_SANITY_REVIEW_REPORT_v0_1.md,RETAIN_HISTORICAL,docs/history/releases/opt-c-semantic-review-0.1/OVC_OPT_C_SEMANTIC_SANITY_REVIEW_REPORT_v0_1.md,R0C-HISTORY,"Historical releases, decisions and evidence remain in place and immutable.",100644,2652,1b6b6d8c60d532a7cf24cd5eb50ae9bd754ab2ca,35203a6b7b24dad366567b095b746039d46f1098f1d5d181041e0c36308d2e60
docs/history/releases/opt-c-semantic-review-0.1/opt_c_semantic_distribution_integrity.json,RETAIN_HISTORICAL,docs/history/releases/opt-c-semantic-review-0.1/opt_c_semantic_distribution_integrity.json,R0C-HISTORY,"Historical releases, decisions and evidence remain in place and immutable.",100644,12825,28f9e43485847964765403bdcacca808afdaacb7,5cac2b8ea1970386adb9b6f60aa5556c80d48c82489f686dbe25853cf0f01a51
docs/history/releases/opt-c-semantic-review-0.1/opt_c_semantic_frontier_review.json,RETAIN_HISTORICAL,docs/history/releases/opt-c-semantic-review-0.1/opt_c_semantic_frontier_review.json,R0C-HISTORY,"Historical releases, decisions and evidence remain in place and immutable.",100644,6232,d2bd6f68655265e71ba3dd11be1adcecd981310c,aceeb3942be70270fa2ab28e686453875cfd85b7c252a0f719f2a95ac290403f
docs/history/releases/opt-c-semantic-review-0.1/opt_c_semantic_overlap_review.json,RETAIN_HISTORICAL,docs/history/releases/opt-c-semantic-review-0.1/opt_c_semantic_overlap_review.json,R0C-HISTORY,"Historical releases, decisions and evidence remain in place and immutable.",100644,24477,2f2c62414944ad8b329ac68315d8fcb9611a466a,d018d448cc1df158fea480f678fab279d2c8ee3ae0910427e7d00706872d3e99
docs/history/releases/opt-c-semantic-review-0.1/opt_c_semantic_review_summary.json,RETAIN_HISTORICAL,docs/history/releases/opt-c-semantic-review-0.1/opt_c_semantic_review_summary.json,R0C-HISTORY,"Historical releases, decisions and evidence remain in place and immutable.",100644,46945,b522a3a0b0aec45d500b595a220542b1dbf0ff47,da39b05e8d3596faafe5580e7226365af625beb0fd2c3e959695201bb0eeab44
docs/history/releases/opt-d-cohort-0.1/OPT_D_CLUSTER_AWARE_COHORT_MANIFEST.json,RETAIN_HISTORICAL,docs/history/releases/opt-d-cohort-0.1/OPT_D_CLUSTER_AWARE_COHORT_MANIFEST.json,R0C-HISTORY,"Historical releases, decisions and evidence remain in place and immutable.",100644,7009,bd1fa9c57f441dbcdc41d185670784106b1b802a,5a102e74536284159c5f8f5ace9ee9bed286ef84ce89d4652eb22afeb75a07d1
docs/history/releases/opt-d-cohort-0.1/OPT_D_CLUSTER_AWARE_COHORT_VALIDATION.json,RETAIN_HISTORICAL,docs/history/releases/opt-d-cohort-0.1/OPT_D_CLUSTER_AWARE_COHORT_VALIDATION.json,R0C-HISTORY,"Historical releases, decisions and evidence remain in place and immutable.",100644,3329,f7b42a18af7e58742bf2245ea7c0f438cc7b79f2,eb3873e36af7732fa29a3c42082be11d2d84fbf13609edaeba3bd5730ddfdbf2
docs/history/releases/opt-d-cohort-0.1/OPT_D_CLUSTER_AWARE_COHORT_VALIDATION.md,RETAIN_HISTORICAL,docs/history/releases/opt-d-cohort-0.1/OPT_D_CLUSTER_AWARE_COHORT_VALIDATION.md,R0C-HISTORY,"Historical releases, decisions and evidence remain in place and immutable.",100644,478,c7c133ff05337432f7b0f571a6bf23d41b67e610,5dd60c934a6cab3bf09d450887582237d7a8a0fa4b24a5b8823f83e0c683a1d0
docs/history/releases/opt-d-cohort-0.1/OVC_OPT_C_SEMANTIC_SANITY_REVIEW_CONTRACT_v0_1.md,RETAIN_HISTORICAL,docs/history/releases/opt-d-cohort-0.1/OVC_OPT_C_SEMANTIC_SANITY_REVIEW_CONTRACT_v0_1.md,R0C-HISTORY,"Historical releases, decisions and evidence remain in place and immutable.",100644,1955,a951a9dfd58079da9fe967304b13f9feb464de08,5e039a3523d7538685770324d1e3be23ddb473ce6e1de936fc37ebdb83e00fc9
docs/history/releases/opt-d-cohort-0.1/OVC_OPT_D_CLUSTER_AWARE_COHORT_CONTRACT_v0_1.md,RETAIN_HISTORICAL,docs/history/releases/opt-d-cohort-0.1/OVC_OPT_D_CLUSTER_AWARE_COHORT_CONTRACT_v0_1.md,R0C-HISTORY,"Historical releases, decisions and evidence remain in place and immutable.",100644,2265,dde8973f4b48b6c7a193c2be51a1211ab6e75261,37e46b6cb53351fa1b7010158b99a430347bd562274e2ca658ba96b32c2a626a
docs/history/releases/opt-d-cohort-0.1/OVC_OPT_D_CLUSTER_AWARE_COHORT_REPORT_v0_1.md,RETAIN_HISTORICAL,docs/history/releases/opt-d-cohort-0.1/OVC_OPT_D_CLUSTER_AWARE_COHORT_REPORT_v0_1.md,R0C-HISTORY,"Historical releases, decisions and evidence remain in place and immutable.",100644,1823,b9ec8d5a4133140d5c5cdd8a03a047b8556dc899,8458ee166b4b3f35cf25493a001835f7a1ffacd5ef8842bf1b320f76bcafedc4
docs/history/releases/opt-d-cohort-0.1/opt_d_base_cohort_registry.jsonl.gz,RETAIN_HISTORICAL,docs/history/releases/opt-d-cohort-0.1/opt_d_base_cohort_registry.jsonl.gz,R0C-HISTORY,"Historical releases, decisions and evidence remain in place and immutable.",100644,28043,eb7434389c2ec218c32b3b9698b2dd23d855b6bc,4be9529beffdc30bb574883e21ead28867d81a76ddc5b1643490bea7cdb52661
docs/history/releases/opt-d-cohort-0.1/opt_d_cluster_aware_cohort_summary.json,RETAIN_HISTORICAL,docs/history/releases/opt-d-cohort-0.1/opt_d_cluster_aware_cohort_summary.json,R0C-HISTORY,"Historical releases, decisions and evidence remain in place and immutable.",100644,3687,b0998f23b6db0c6d00c9730bf94be9e12f5b75d9,d9da9a359f79707111e1963f6c7292f748a1965386c5b95570f0f603c426f22f
docs/history/releases/opt-d-cohort-0.1/opt_d_signature_cohort_registry.jsonl.gz,RETAIN_HISTORICAL,docs/history/releases/opt-d-cohort-0.1/opt_d_signature_cohort_registry.jsonl.gz,R0C-HISTORY,"Historical releases, decisions and evidence remain in place and immutable.",100644,268223,ca7e37784715e634fc3261789867f8b164d3a27e,ed68889db340c67acc9f4f938461c6d7be8f97e05b3c4eb8696a0b2bd63903f4
docs/history/releases/opt-d-contrast-0.1/OPT_D_CLUSTER_BALANCED_CONTRAST_MANIFEST.json,RETAIN_HISTORICAL,docs/history/releases/opt-d-contrast-0.1/OPT_D_CLUSTER_BALANCED_CONTRAST_MANIFEST.json,R0C-HISTORY,"Historical releases, decisions and evidence remain in place and immutable.",100644,4202,b20f1bd967b441dd766bf488bd8a518f0dd6b642,e8e1177723123f09899f661fed55695395e305e40c04888b273932f4ea55bd59
docs/history/releases/opt-d-contrast-0.1/OPT_D_CLUSTER_BALANCED_CONTRAST_VALIDATION.json,RETAIN_HISTORICAL,docs/history/releases/opt-d-contrast-0.1/OPT_D_CLUSTER_BALANCED_CONTRAST_VALIDATION.json,R0C-HISTORY,"Historical releases, decisions and evidence remain in place and immutable.",100644,2983,93b912b5ccd15da32cd6630903d21b03c3035390,1a4225d91237f233e80a854d776d92b80a4916b16899c8d5ab1699ffc21cb289
docs/history/releases/opt-d-contrast-0.1/OPT_D_CLUSTER_BALANCED_CONTRAST_VALIDATION.md,RETAIN_HISTORICAL,docs/history/releases/opt-d-contrast-0.1/OPT_D_CLUSTER_BALANCED_CONTRAST_VALIDATION.md,R0C-HISTORY,"Historical releases, decisions and evidence remain in place and immutable.",100644,476,c843b77ce9af133e565dbc05cfa016d1eb524e34,a7fc770778cd6abc63bc6a6558f0a9d3c6411ffab86753db772fc42a5645a0b8
docs/history/releases/opt-d-contrast-0.1/OVC_OPT_D_CLUSTER_AWARE_COHORT_CONTRACT_v0_1.md,RETAIN_HISTORICAL,docs/history/releases/opt-d-contrast-0.1/OVC_OPT_D_CLUSTER_AWARE_COHORT_CONTRACT_v0_1.md,R0C-HISTORY,"Historical releases, decisions and evidence remain in place and immutable.",100644,2265,dde8973f4b48b6c7a193c2be51a1211ab6e75261,37e46b6cb53351fa1b7010158b99a430347bd562274e2ca658ba96b32c2a626a
docs/history/releases/opt-d-contrast-0.1/OVC_OPT_D_CLUSTER_BALANCED_CONTRAST_CONTRACT_v0_1.md,RETAIN_HISTORICAL,docs/history/releases/opt-d-contrast-0.1/OVC_OPT_D_CLUSTER_BALANCED_CONTRAST_CONTRACT_v0_1.md,R0C-HISTORY,"Historical releases, decisions and evidence remain in place and immutable.",100644,2884,105f88409d9debdc57ce1d85d87b55909414ffe2,95c8631fb28d453a43d1d0c8858b776af08b527bbeeb9e074f3c6c8137cab69d
docs/history/releases/opt-d-contrast-0.1/OVC_OPT_D_CLUSTER_BALANCED_CONTRAST_REPORT_v0_1.md,RETAIN_HISTORICAL,docs/history/releases/opt-d-contrast-0.1/OVC_OPT_D_CLUSTER_BALANCED_CONTRAST_REPORT_v0_1.md,R0C-HISTORY,"Historical releases, decisions and evidence remain in place and immutable.",100644,1446,0ea761f634ae25317f94451f904b3be1976eee0b,bc5ecce0754d465f73da0be8e54054ed9eef758d53e05a832e93ff9efe24fe71
docs/history/releases/opt-d-contrast-0.1/opt_d_cluster_balanced_contrast_summary.json,RETAIN_HISTORICAL,docs/history/releases/opt-d-contrast-0.1/opt_d_cluster_balanced_contrast_summary.json,R0C-HISTORY,"Historical releases, decisions and evidence remain in place and immutable.",100644,1240,3089a2253233bfbf656b3f96dec36539b07ebaaa,3cbbef6f7388fe6b95828fcc0f6f57d856f65fd056cc0130aa5f20b627f0b59b
docs/history/releases/opt-d-contrast-0.1/opt_d_contrast_registry.jsonl.gz,RETAIN_HISTORICAL,docs/history/releases/opt-d-contrast-0.1/opt_d_contrast_registry.jsonl.gz,R0C-HISTORY,"Historical releases, decisions and evidence remain in place and immutable.",100644,24702,a955f1c96f7161b92fc6b9f26258e6caf5324d5c,1e6685aa9fbc8b112c49a8428af61aa73dfdaa6fa818e5f9e0e5dd2f3880ac5a
docs/history/releases/opt-d-review-0.1/OPT_D_EVIDENCE_REVIEW_MANIFEST.json,RETAIN_HISTORICAL,docs/history/releases/opt-d-review-0.1/OPT_D_EVIDENCE_REVIEW_MANIFEST.json,R0C-HISTORY,"Historical releases, decisions and evidence remain in place and immutable.",100644,5623,d23112a1e2715e470578779730021e34d26fa92c,0faa0638aaf0ef1d687b1c659e590a1716220c63906d7e3369c232495fba6056
docs/history/releases/opt-d-review-0.1/OPT_D_EVIDENCE_REVIEW_VALIDATION.json,RETAIN_HISTORICAL,docs/history/releases/opt-d-review-0.1/OPT_D_EVIDENCE_REVIEW_VALIDATION.json,R0C-HISTORY,"Historical releases, decisions and evidence remain in place and immutable.",100644,3332,af811e0177dbc4c9e61f38c03dcdcfe30384514a,29f5fd6018697bd4ded1e52419330c5a7cc1008fcafceef6cc67dfc50b5e63db
docs/history/releases/opt-d-review-0.1/OPT_D_EVIDENCE_REVIEW_VALIDATION.md,RETAIN_HISTORICAL,docs/history/releases/opt-d-review-0.1/OPT_D_EVIDENCE_REVIEW_VALIDATION.md,R0C-HISTORY,"Historical releases, decisions and evidence remain in place and immutable.",100644,505,4fb9c791125fa8f7df1aa85033148841bb269bc6,a5dbd3b706c482abcac99ad57efd74c45395fa4a3eb1e553d4ddcb8a27a64dec
docs/history/releases/opt-d-review-0.1/OPT_D_REVIEW_OPERATOR_RATIFICATION_CHECKLIST_v0_1.md,RETAIN_HISTORICAL,docs/history/releases/opt-d-review-0.1/OPT_D_REVIEW_OPERATOR_RATIFICATION_CHECKLIST_v0_1.md,R0C-HISTORY,"Historical releases, decisions and evidence remain in place and immutable.",100644,1372,578116f65f8e126c0d89227ab1b490827932f168,aa9d48840e9e828e8d24926c0d9fc732f91451b9d8474d09419a37b75e967de9
docs/history/releases/opt-d-review-0.1/OVC_OPT_D_EVIDENCE_REVIEW_HYPOTHESIS_CONTRACT_v0_1.md,RETAIN_HISTORICAL,docs/history/releases/opt-d-review-0.1/OVC_OPT_D_EVIDENCE_REVIEW_HYPOTHESIS_CONTRACT_v0_1.md,R0C-HISTORY,"Historical releases, decisions and evidence remain in place and immutable.",100644,3381,5d6d1f9530b0ced14e32236c2459de9f7c6d64ec,dea0d4de96add9d7f3dd17bd63b51ca03adc0dec5af631261a95cd43ff6b01ae
docs/history/releases/opt-d-review-0.1/OVC_OPT_D_EVIDENCE_REVIEW_REPORT_v0_1.md,RETAIN_HISTORICAL,docs/history/releases/opt-d-review-0.1/OVC_OPT_D_EVIDENCE_REVIEW_REPORT_v0_1.md,R0C-HISTORY,"Historical releases, decisions and evidence remain in place and immutable.",100644,2496,7433659c4ab5ecb8d9e12e77c5eb038e90ffbaf0,708fdcd44413db7379f358ebf386df67bae4cfb93046f8025bc920ee549c6573
docs/history/releases/opt-d-review-0.1/OVC_OPT_D_REPEATED_STORY_EVIDENCE_CONTRACT_v0_1.md,RETAIN_HISTORICAL,docs/history/releases/opt-d-review-0.1/OVC_OPT_D_REPEATED_STORY_EVIDENCE_CONTRACT_v0_1.md,R0C-HISTORY,"Historical releases, decisions and evidence remain in place and immutable.",100644,3266,a20b01348966ade948dbd9d1ad218eae3b78a61e,70f57c9a7eed5d5b8309fdfd0adf52ce9740a78d3a55a581044750a042ad8bab
docs/history/releases/opt-d-review-0.1/opt_d_evidence_review_summary.json,RETAIN_HISTORICAL,docs/history/releases/opt-d-review-0.1/opt_d_evidence_review_summary.json,R0C-HISTORY,"Historical releases, decisions and evidence remain in place and immutable.",100644,2787,820759f5c8c0c901e831393f9c4c49f0c857e1bb,b70199f7564880721a3b983ea6b070936640ab78f6daa976d86816b93dd4af63
docs/history/releases/opt-d-review-0.1/opt_d_pending_hypothesis_register.jsonl.gz,RETAIN_HISTORICAL,docs/history/releases/opt-d-review-0.1/opt_d_pending_hypothesis_register.jsonl.gz,R0C-HISTORY,"Historical releases, decisions and evidence remain in place and immutable.",100644,188132,db0800098afcaa7d352cd92c521f39e052cb6e09,0785abdf9e5eba942f809a90d06f2db301186787ba5798c0aba29553c60e404e
docs/history/releases/opt-d-robustness-0.1/OPT_D_ROBUSTNESS_REVIEW_MANIFEST.json,RETAIN_HISTORICAL,docs/history/releases/opt-d-robustness-0.1/OPT_D_ROBUSTNESS_REVIEW_MANIFEST.json,R0C-HISTORY,"Historical releases, decisions and evidence remain in place and immutable.",100644,4813,eaa50a04b45ceeb4b7c598192d194e53452e60cb,ad8a2e30b4c27ea842f5dab324620c542c382077402647fc62e59ca8b476e86b
docs/history/releases/opt-d-robustness-0.1/OPT_D_ROBUSTNESS_REVIEW_VERIFICATION.json,RETAIN_HISTORICAL,docs/history/releases/opt-d-robustness-0.1/OPT_D_ROBUSTNESS_REVIEW_VERIFICATION.json,R0C-HISTORY,"Historical releases, decisions and evidence remain in place and immutable.",100644,1588,89866c949aefbfe4dc967b191c0d7ae0d2fb136f,4a5420ac12f3bb7bb1adf1e6170ab6dcc4d20e77087cbd80cf697aa00c4e3188
docs/history/releases/opt-d-robustness-0.1/OPT_D_ROBUSTNESS_REVIEW_VERIFICATION.md,RETAIN_HISTORICAL,docs/history/releases/opt-d-robustness-0.1/OPT_D_ROBUSTNESS_REVIEW_VERIFICATION.md,R0C-HISTORY,"Historical releases, decisions and evidence remain in place and immutable.",100644,498,d7e2ed610bc63e4783a2839040b842b78f671c38,68b1f5f9ddc6b09b81a6dc2bae8fe0e26b39239b36f71ccc3914523ba547f2d3
docs/history/releases/opt-d-robustness-0.1/OVC_OPT_D_ROBUSTNESS_REVIEW_CONTRACT_v0_1.md,RETAIN_HISTORICAL,docs/history/releases/opt-d-robustness-0.1/OVC_OPT_D_ROBUSTNESS_REVIEW_CONTRACT_v0_1.md,R0C-HISTORY,"Historical releases, decisions and evidence remain in place and immutable.",100644,1760,26798c573e8d19a68289fa0d219574e9e1920889,7cdc6c1251cc1d19d8bd0d8a547a2f08edfb4040a05f093c87236301a3f95319
docs/history/releases/opt-d-robustness-0.1/OVC_OPT_D_ROBUSTNESS_REVIEW_REPORT_v0_1.md,RETAIN_HISTORICAL,docs/history/releases/opt-d-robustness-0.1/OVC_OPT_D_ROBUSTNESS_REVIEW_REPORT_v0_1.md,R0C-HISTORY,"Historical releases, decisions and evidence remain in place and immutable.",100644,1419,50e95303b81d08aa2ed2fd64748bb6697b5f498b,2afc044388d838fe6ac414a2c8151c15cd72cdd18065a350e4be2cf65fac2be4
docs/history/releases/opt-d-robustness-0.1/opt_d_robustness_review_summary.json,RETAIN_HISTORICAL,docs/history/releases/opt-d-robustness-0.1/opt_d_robustness_review_summary.json,R0C-HISTORY,"Historical releases, decisions and evidence remain in place and immutable.",100644,2273,2844088210e0ab2f8148a68274e88b2876ec0be0,59c781891554350fb6d08fc177ae69393122e914a6be8695a7d12e6edbe23e57
docs/history/releases/opt-d-story-0.1/OPT_D_REPEATED_STORY_EVIDENCE_MANIFEST.json,RETAIN_HISTORICAL,docs/history/releases/opt-d-story-0.1/OPT_D_REPEATED_STORY_EVIDENCE_MANIFEST.json,R0C-HISTORY,"Historical releases, decisions and evidence remain in place and immutable.",100644,12381,3cd20edf18adb4ce9e56beb40cb39d5b56f2093e,366e9f932fe4affb5847ad21cb612fb31e3072701c4e5ff0324f41998938c8f0
docs/history/releases/opt-d-story-0.1/OPT_D_REPEATED_STORY_EVIDENCE_VALIDATION.json,RETAIN_HISTORICAL,docs/history/releases/opt-d-story-0.1/OPT_D_REPEATED_STORY_EVIDENCE_VALIDATION.json,R0C-HISTORY,"Historical releases, decisions and evidence remain in place and immutable.",100644,3765,2852a2f064acdef9f8feb36bc453f614ee91a3ba,28576bf24650437343db4894059357de217f32dfa4b1affb7956d49f4de48b58
docs/history/releases/opt-d-story-0.1/OPT_D_REPEATED_STORY_EVIDENCE_VALIDATION.md,RETAIN_HISTORICAL,docs/history/releases/opt-d-story-0.1/OPT_D_REPEATED_STORY_EVIDENCE_VALIDATION.md,R0C-HISTORY,"Historical releases, decisions and evidence remain in place and immutable.",100644,509,ea14fe84bc8756fd96cf9aba1177a4cef4e9c4e1,58d81ce4689695eff76cb0f6f28d8559268602058334e23343382def90ba2c87
docs/history/releases/opt-d-story-0.1/OVC_OPT_D_CLUSTER_BALANCED_CONTRAST_CONTRACT_v0_1.md,RETAIN_HISTORICAL,docs/history/releases/opt-d-story-0.1/OVC_OPT_D_CLUSTER_BALANCED_CONTRAST_CONTRACT_v0_1.md,R0C-HISTORY,"Historical releases, decisions and evidence remain in place and immutable.",100644,2884,105f88409d9debdc57ce1d85d87b55909414ffe2,95c8631fb28d453a43d1d0c8858b776af08b527bbeeb9e074f3c6c8137cab69d
docs/history/releases/opt-d-story-0.1/OVC_OPT_D_REPEATED_STORY_EVIDENCE_CONTRACT_v0_1.md,RETAIN_HISTORICAL,docs/history/releases/opt-d-story-0.1/OVC_OPT_D_REPEATED_STORY_EVIDENCE_CONTRACT_v0_1.md,R0C-HISTORY,"Historical releases, decisions and evidence remain in place and immutable.",100644,3266,a20b01348966ade948dbd9d1ad218eae3b78a61e,70f57c9a7eed5d5b8309fdfd0adf52ce9740a78d3a55a581044750a042ad8bab
docs/history/releases/opt-d-story-0.1/OVC_OPT_D_REPEATED_STORY_EVIDENCE_REPORT_v0_1.md,RETAIN_HISTORICAL,docs/history/releases/opt-d-story-0.1/OVC_OPT_D_REPEATED_STORY_EVIDENCE_REPORT_v0_1.md,R0C-HISTORY,"Historical releases, decisions and evidence remain in place and immutable.",100644,2926,e40daa37b900f8955fd02253d8e0fad77a6eeefa,06ec869451a457b7bca08a590f5be97c23984ae33136207bc6ddfff17e320e2f
docs/history/releases/opt-d-story-0.1/opt_d_repeated_story_evidence_summary.json,RETAIN_HISTORICAL,docs/history/releases/opt-d-story-0.1/opt_d_repeated_story_evidence_summary.json,R0C-HISTORY,"Historical releases, decisions and evidence remain in place and immutable.",100644,8965,aafafc7942897a88031ce892b4e462e09c78cab0,9bb94a2cd7e915a74a3f9729008f784cb042f28778c12e57210ce3395f5fd7aa
docs/history/releases/opt-d-story-0.1/opt_d_story_archetype_registry.jsonl.gz,RETAIN_HISTORICAL,docs/history/releases/opt-d-story-0.1/opt_d_story_archetype_registry.jsonl.gz,R0C-HISTORY,"Historical releases, decisions and evidence remain in place and immutable.",100644,428361,f06ca15e50e8e1bfa9fbb02f02e89282bebfa169,2dd17b054ee2d4e11ed40627a981861cae0c401c994d7c6a5f5677f7923be860
docs/history/releases/opt-d-validate-0.1/B_STATE_0_2_REPLAY_2025_VALIDATION/COMPOUND_STATE_REPLAY_MANIFEST.json,RETAIN_HISTORICAL,docs/history/releases/opt-d-validate-0.1/B_STATE_0_2_REPLAY_2025_VALIDATION/COMPOUND_STATE_REPLAY_MANIFEST.json,R0C-HISTORY,"Historical releases, decisions and evidence remain in place and immutable.",100644,4678,b64ec1fa534242761f49bba97a97e45f25a0e702,0b2c59a53debb1bbd9aa150fe6e24e91046080d9b407ece1613d6001be7567a0
docs/history/releases/opt-d-validate-0.1/B_STATE_0_2_REPLAY_2025_VALIDATION/compound_state_replay_summary.json,RETAIN_HISTORICAL,docs/history/releases/opt-d-validate-0.1/B_STATE_0_2_REPLAY_2025_VALIDATION/compound_state_replay_summary.json,R0C-HISTORY,"Historical releases, decisions and evidence remain in place and immutable.",100644,2019,55d9b9955646269e03f60c0f5e53a3a57c7db66d,dd55655165350842a839a3611ee3d678cdef4537f0a6d45bc13aa21ab3ed5ec3
docs/history/releases/opt-d-validate-0.1/B_STATE_0_3A_REPLAY_2025_VALIDATION_FINAL/B_STATE_0_3A_REPLAY_MANIFEST.json,RETAIN_HISTORICAL,docs/history/releases/opt-d-validate-0.1/B_STATE_0_3A_REPLAY_2025_VALIDATION_FINAL/B_STATE_0_3A_REPLAY_MANIFEST.json,R0C-HISTORY,"Historical releases, decisions and evidence remain in place and immutable.",100644,48524,c5f4f2fcb34e064b61933bc79d9a51f0a12b6147,478f9a7a8e43e720d657e1681e1e27ecc163e60b74def02fc4c46b57056462e4
docs/history/releases/opt-d-validate-0.1/B_STATE_0_3B_FRONTIER_REVIEW_2025_VALIDATION/B_STATE_0_3B_REVIEW_MANIFEST.json,RETAIN_HISTORICAL,docs/history/releases/opt-d-validate-0.1/B_STATE_0_3B_FRONTIER_REVIEW_2025_VALIDATION/B_STATE_0_3B_REVIEW_MANIFEST.json,R0C-HISTORY,"Historical releases, decisions and evidence remain in place and immutable.",100644,28148,207e02eb08e97d008d28a0ecee0934548e6ae3fb,db6c51bf485f37699bf493a44e389c56b147bea0ba04988f81df4c7b6097aba1
docs/history/releases/opt-d-validate-0.1/B_STATE_0_3B_RATIFIED_2025_VALIDATION/B_STATE_0_3B_RATIFIED_MANIFEST.json,RETAIN_HISTORICAL,docs/history/releases/opt-d-validate-0.1/B_STATE_0_3B_RATIFIED_2025_VALIDATION/B_STATE_0_3B_RATIFIED_MANIFEST.json,R0C-HISTORY,"Historical releases, decisions and evidence remain in place and immutable.",100644,19728,2020edafd60352c32d56264d64faa3e2e78f8b96,c2636c74ae4ff8c05bcb1fb7d046ba25f41f25dc812d7fa25d993b051352e96f
docs/history/releases/opt-d-validate-0.1/B_STATE_0_3B_RATIFIED_2025_VALIDATION/b_state_0_3b_ratified_summary.json,RETAIN_HISTORICAL,docs/history/releases/opt-d-validate-0.1/B_STATE_0_3B_RATIFIED_2025_VALIDATION/b_state_0_3b_ratified_summary.json,R0C-HISTORY,"Historical releases, decisions and evidence remain in place and immutable.",100644,15504,4bd75f5b351e93f6bd40ac9782f308ce5644892e,0178791eeeabe26985fee7a873050c8fcaa97fe11b8a130f9988f345f604db90
docs/history/releases/opt-d-validate-0.1/B_STATE_0_3_REPLAY_2025_VALIDATION/B_STATE_0_3_REPLAY_MANIFEST.json,RETAIN_HISTORICAL,docs/history/releases/opt-d-validate-0.1/B_STATE_0_3_REPLAY_2025_VALIDATION/B_STATE_0_3_REPLAY_MANIFEST.json,R0C-HISTORY,"Historical releases, decisions and evidence remain in place and immutable.",100644,27391,82a7c7497e82a6244d2c7f2ffd652ebf452c9b60,73edb48c7da0789ea1f127bc5382af4d8e5a38baba2094fa1835fe11b802e832
docs/history/releases/opt-d-validate-0.1/B_STATE_0_3_REPLAY_2025_VALIDATION/b_state_0_3_comparison_summary.json,RETAIN_HISTORICAL,docs/history/releases/opt-d-validate-0.1/B_STATE_0_3_REPLAY_2025_VALIDATION/b_state_0_3_comparison_summary.json,R0C-HISTORY,"Historical releases, decisions and evidence remain in place and immutable.",100644,22397,52c5cd6300b55b2ef56f47ac4516b3526d66266b,239f3e471a028775d88e37f7674ce1789ae7017ebc17910accc082b367580459
docs/history/releases/opt-d-validate-0.1/OPT_B_COMPLETE_REPLAY_2025_VALIDATION/OPT_B_COMPLETE_REPLAY_MANIFEST.json,RETAIN_HISTORICAL,docs/history/releases/opt-d-validate-0.1/OPT_B_COMPLETE_REPLAY_2025_VALIDATION/OPT_B_COMPLETE_REPLAY_MANIFEST.json,R0C-HISTORY,"Historical releases, decisions and evidence remain in place and immutable.",100644,10340,b6366ba3d956fef4e362df0a321f133e14495562,c4cac87b109a497764d9bcc1b90e62c2ada454eb756c01c850d336fbde7429ba
docs/history/releases/opt-d-validate-0.1/OPT_B_COMPLETE_REPLAY_2025_VALIDATION/OVC_OPT_B_COMPLETE_HISTORICAL_REPLAY_REPORT.md,RETAIN_HISTORICAL,docs/history/releases/opt-d-validate-0.1/OPT_B_COMPLETE_REPLAY_2025_VALIDATION/OVC_OPT_B_COMPLETE_HISTORICAL_REPLAY_REPORT.md,R0C-HISTORY,"Historical releases, decisions and evidence remain in place and immutable.",100644,1056,e2880b83bcbf8018579c2a6d94d34ba330390e93,c345ee8282661fc02f22b9528769ac5b699b16fd2ec7bb999864704f8c3ab516
docs/history/releases/opt-d-validate-0.1/OPT_B_RELEVANCE_REVIEW_2025_VALIDATION/RELEVANCE_REVIEW_MANIFEST.json,RETAIN_HISTORICAL,docs/history/releases/opt-d-validate-0.1/OPT_B_RELEVANCE_REVIEW_2025_VALIDATION/RELEVANCE_REVIEW_MANIFEST.json,R0C-HISTORY,"Historical releases, decisions and evidence remain in place and immutable.",100644,1942,101f786a79f8ef9e16021fba096f73fe9f8c1c17,cccbec486d8a8e4b51c3e009c0bbcf3f8bee382c4b2ff88ab66ca0f9e27e0fd3
docs/history/releases/opt-d-validate-0.1/OPT_B_RELEVANCE_REVIEW_2025_VALIDATION/relevance_semantic_threshold_results.json,RETAIN_HISTORICAL,docs/history/releases/opt-d-validate-0.1/OPT_B_RELEVANCE_REVIEW_2025_VALIDATION/relevance_semantic_threshold_results.json,R0C-HISTORY,"Historical releases, decisions and evidence remain in place and immutable.",100644,14555,f7937b98f36a2ff5e66eaf29436d0b5528e73e87,cbf3d737f7290899da4d0b7b344fef9f03a545e98db3b12d5f40027ddf2bc3fa
docs/history/releases/opt-d-validate-0.1/OPT_C_COVERAGE_2025_VALIDATION/OPT_C_FORWARD_PATH_COVERAGE_MANIFEST.json,RETAIN_HISTORICAL,docs/history/releases/opt-d-validate-0.1/OPT_C_COVERAGE_2025_VALIDATION/OPT_C_FORWARD_PATH_COVERAGE_MANIFEST.json,R0C-HISTORY,"Historical releases, decisions and evidence remain in place and immutable.",100644,16127,578e5ecd6ae3c8ebb05ed8bd671a461da724013c,10f1207dde4f2ff6b6b3601d154eef05386365802ea0e308a9d7e9ba42424450
docs/history/releases/opt-d-validate-0.1/OPT_C_COVERAGE_2025_VALIDATION/OPT_C_OUTCOME_0_1_APPROVAL_RECORD.md,RETAIN_HISTORICAL,docs/history/releases/opt-d-validate-0.1/OPT_C_COVERAGE_2025_VALIDATION/OPT_C_OUTCOME_0_1_APPROVAL_RECORD.md,R0C-HISTORY,"Historical releases, decisions and evidence remain in place and immutable.",100644,907,b91872bfbf68a42bed683be9ed19572600cce2fa,0912d090ec6629709134d1953fef222860973b218df666e2239353aabc8bac1d
docs/history/releases/opt-d-validate-0.1/OPT_C_COVERAGE_2025_VALIDATION/OVC_OPT_C_FORWARD_PATH_COVERAGE_CENSORING_AUDIT_REPORT_v0_1.md,RETAIN_HISTORICAL,docs/history/releases/opt-d-validate-0.1/OPT_C_COVERAGE_2025_VALIDATION/OVC_OPT_C_FORWARD_PATH_COVERAGE_CENSORING_AUDIT_REPORT_v0_1.md,R0C-HISTORY,"Historical releases, decisions and evidence remain in place and immutable.",100644,2367,1367db93ba6a780ab069c795e5c84664d12625f2,8e1165146e208ab56f41f67502358453b948184a595787e80a4a9b099877fe73
docs/history/releases/opt-d-validate-0.1/OPT_C_COVERAGE_2025_VALIDATION/OVC_OPT_C_FORWARD_PATH_COVERAGE_CENSORING_CONTRACT_v0_1.md,RETAIN_HISTORICAL,docs/history/releases/opt-d-validate-0.1/OPT_C_COVERAGE_2025_VALIDATION/OVC_OPT_C_FORWARD_PATH_COVERAGE_CENSORING_CONTRACT_v0_1.md,R0C-HISTORY,"Historical releases, decisions and evidence remain in place and immutable.",100644,1738,7cfa2a1cc1196eca24afac56fd98dcef4a087bd3,73f6f5ffb8efe1a963aa293ed608437d3ae5bb89dba04bd2f758c940d3fc4180
docs/history/releases/opt-d-validate-0.1/OPT_C_COVERAGE_2025_VALIDATION/OVC_OPT_C_NEUTRAL_FORWARD_OUTCOME_CONTRACT_v0_1.md,RETAIN_HISTORICAL,docs/history/releases/opt-d-validate-0.1/OPT_C_COVERAGE_2025_VALIDATION/OVC_OPT_C_NEUTRAL_FORWARD_OUTCOME_CONTRACT_v0_1.md,R0C-HISTORY,"Historical releases, decisions and evidence remain in place and immutable.",100644,3321,32018f8e543ebff8ed8928e6a7e48212f3f7e978,0285bcd4e52e48d9ac54d8c8644cd09307424e63736cd366fbdd1262ee979a13
docs/history/releases/opt-d-validate-0.1/OPT_C_COVERAGE_2025_VALIDATION/opt_c_forward_path_coverage_summary.json,RETAIN_HISTORICAL,docs/history/releases/opt-d-validate-0.1/OPT_C_COVERAGE_2025_VALIDATION/opt_c_forward_path_coverage_summary.json,R0C-HISTORY,"Historical releases, decisions and evidence remain in place and immutable.",100644,12671,af653ff94b02671fd0948a415ec8a50342152c11,288af49bcc3a358a6cd3026209d85c47a565c0c1f05286fbc86172d6739d860d
docs/history/releases/opt-d-validate-0.1/OPT_C_EVENT_LEDGER_2025_VALIDATION/B_STATE_0_3B_RATIFICATION_RECORD.md,RETAIN_HISTORICAL,docs/history/releases/opt-d-validate-0.1/OPT_C_EVENT_LEDGER_2025_VALIDATION/B_STATE_0_3B_RATIFICATION_RECORD.md,R0C-HISTORY,"Historical releases, decisions and evidence remain in place and immutable.",100644,1702,e7cc9316c399a04107028b0c74ed43948e9f6a9d,d6a348a4294f1d75e9163e0d37f9f522e89e011f040d07a0e5dfdee1ffcd2c2f
docs/history/releases/opt-d-validate-0.1/OPT_C_EVENT_LEDGER_2025_VALIDATION/OPT_C_EVENT_ANCHOR_LEDGER_MANIFEST.json,RETAIN_HISTORICAL,docs/history/releases/opt-d-validate-0.1/OPT_C_EVENT_LEDGER_2025_VALIDATION/OPT_C_EVENT_ANCHOR_LEDGER_MANIFEST.json,R0C-HISTORY,"Historical releases, decisions and evidence remain in place and immutable.",100644,5390,04d54ba8f24f06dfb547056b5c3cc4d3ed3b9fce,ee14dfd13c175f4ed358c97d74fb4d34221412efceb47483ab866473f6203abe
docs/history/releases/opt-d-validate-0.1/OPT_C_EVENT_LEDGER_2025_VALIDATION/OPT_C_OUTCOME_0_1_APPROVAL_RECORD.md,RETAIN_HISTORICAL,docs/history/releases/opt-d-validate-0.1/OPT_C_EVENT_LEDGER_2025_VALIDATION/OPT_C_OUTCOME_0_1_APPROVAL_RECORD.md,R0C-HISTORY,"Historical releases, decisions and evidence remain in place and immutable.",100644,907,b91872bfbf68a42bed683be9ed19572600cce2fa,0912d090ec6629709134d1953fef222860973b218df666e2239353aabc8bac1d
docs/history/releases/opt-d-validate-0.1/OPT_C_EVENT_LEDGER_2025_VALIDATION/OVC_OPT_C_EVENT_ANCHOR_LEDGER_REPORT_v0_1.md,RETAIN_HISTORICAL,docs/history/releases/opt-d-validate-0.1/OPT_C_EVENT_LEDGER_2025_VALIDATION/OVC_OPT_C_EVENT_ANCHOR_LEDGER_REPORT_v0_1.md,R0C-HISTORY,"Historical releases, decisions and evidence remain in place and immutable.",100644,1051,86e6c3ebc6c8b7c6d2cd60264fb35b194912464d,7d0ad67c02f30a28fa865009ce4b0a2420ac176cc9894650720152711ecbfa70
docs/history/releases/opt-d-validate-0.1/OPT_C_EVENT_LEDGER_2025_VALIDATION/OVC_OPT_C_NEUTRAL_FORWARD_OUTCOME_CONTRACT_v0_1.md,RETAIN_HISTORICAL,docs/history/releases/opt-d-validate-0.1/OPT_C_EVENT_LEDGER_2025_VALIDATION/OVC_OPT_C_NEUTRAL_FORWARD_OUTCOME_CONTRACT_v0_1.md,R0C-HISTORY,"Historical releases, decisions and evidence remain in place and immutable.",100644,3321,32018f8e543ebff8ed8928e6a7e48212f3f7e978,0285bcd4e52e48d9ac54d8c8644cd09307424e63736cd366fbdd1262ee979a13
docs/history/releases/opt-d-validate-0.1/OPT_C_EVENT_LEDGER_2025_VALIDATION/opt_c_event_anchor_ledger_summary.json,RETAIN_HISTORICAL,docs/history/releases/opt-d-validate-0.1/OPT_C_EVENT_LEDGER_2025_VALIDATION/opt_c_event_anchor_ledger_summary.json,R0C-HISTORY,"Historical releases, decisions and evidence remain in place and immutable.",100644,2567,701e449c2b42f19139aa93359f84c51761bf766c,2d77de3fa6425a6adbd865e917f23374a9134bca679fa06502981345b09a1fde
docs/history/releases/opt-d-validate-0.1/OPT_C_MEASUREMENT_2025_VALIDATION/OPT_C_MEASURE_0_1_1_FRONTIER_NULLABILITY_REPAIR_RECORD.md,RETAIN_HISTORICAL,docs/history/releases/opt-d-validate-0.1/OPT_C_MEASUREMENT_2025_VALIDATION/OPT_C_MEASURE_0_1_1_FRONTIER_NULLABILITY_REPAIR_RECORD.md,R0C-HISTORY,"Historical releases, decisions and evidence remain in place and immutable.",100644,733,6bc8fdd84cb36d2540d0219b636095d165ba095b,a9dd18e88a545f44c4746b1696ec3aaa050fe0eadb92093f6060f8c7d2b36c0b
docs/history/releases/opt-d-validate-0.1/OPT_C_MEASUREMENT_2025_VALIDATION/OPT_C_NEUTRAL_OUTCOME_MEASUREMENT_MANIFEST.json,RETAIN_HISTORICAL,docs/history/releases/opt-d-validate-0.1/OPT_C_MEASUREMENT_2025_VALIDATION/OPT_C_NEUTRAL_OUTCOME_MEASUREMENT_MANIFEST.json,R0C-HISTORY,"Historical releases, decisions and evidence remain in place and immutable.",100644,17423,7b281553589a3469044caefd0cb70af3423969cc,1477afd73f136445dde604ea36ab915ae11bf0e90c9c71dfe326df98c334c698
docs/history/releases/opt-d-validate-0.1/OPT_C_MEASUREMENT_2025_VALIDATION/OPT_C_OUTCOME_0_1_APPROVAL_RECORD.md,RETAIN_HISTORICAL,docs/history/releases/opt-d-validate-0.1/OPT_C_MEASUREMENT_2025_VALIDATION/OPT_C_OUTCOME_0_1_APPROVAL_RECORD.md,R0C-HISTORY,"Historical releases, decisions and evidence remain in place and immutable.",100644,907,b91872bfbf68a42bed683be9ed19572600cce2fa,0912d090ec6629709134d1953fef222860973b218df666e2239353aabc8bac1d
docs/history/releases/opt-d-validate-0.1/OPT_C_MEASUREMENT_2025_VALIDATION/OVC_OPT_C_FORWARD_PATH_COVERAGE_CENSORING_CONTRACT_v0_1.md,RETAIN_HISTORICAL,docs/history/releases/opt-d-validate-0.1/OPT_C_MEASUREMENT_2025_VALIDATION/OVC_OPT_C_FORWARD_PATH_COVERAGE_CENSORING_CONTRACT_v0_1.md,R0C-HISTORY,"Historical releases, decisions and evidence remain in place and immutable.",100644,1738,7cfa2a1cc1196eca24afac56fd98dcef4a087bd3,73f6f5ffb8efe1a963aa293ed608437d3ae5bb89dba04bd2f758c940d3fc4180
docs/history/releases/opt-d-validate-0.1/OPT_C_MEASUREMENT_2025_VALIDATION/OVC_OPT_C_NEUTRAL_FORWARD_OUTCOME_CONTRACT_v0_1.md,RETAIN_HISTORICAL,docs/history/releases/opt-d-validate-0.1/OPT_C_MEASUREMENT_2025_VALIDATION/OVC_OPT_C_NEUTRAL_FORWARD_OUTCOME_CONTRACT_v0_1.md,R0C-HISTORY,"Historical releases, decisions and evidence remain in place and immutable.",100644,3321,32018f8e543ebff8ed8928e6a7e48212f3f7e978,0285bcd4e52e48d9ac54d8c8644cd09307424e63736cd366fbdd1262ee979a13
docs/history/releases/opt-d-validate-0.1/OPT_C_MEASUREMENT_2025_VALIDATION/OVC_OPT_C_NEUTRAL_FORWARD_OUTCOME_MEASUREMENT_REPORT_v0_1_1.md,RETAIN_HISTORICAL,docs/history/releases/opt-d-validate-0.1/OPT_C_MEASUREMENT_2025_VALIDATION/OVC_OPT_C_NEUTRAL_FORWARD_OUTCOME_MEASUREMENT_REPORT_v0_1_1.md,R0C-HISTORY,"Historical releases, decisions and evidence remain in place and immutable.",100644,2053,5d59edca15574dc11cbfd7b16b4456a435a31818,d5d3f8fe94ecff1188257217c024c2e69cfba9a3301fa5f6fee0134247ab2725
docs/history/releases/opt-d-validate-0.1/OPT_C_MEASUREMENT_2025_VALIDATION/OVC_OPT_C_NEUTRAL_MEASUREMENT_IMPLEMENTATION_CONTRACT_v0_1_1.md,RETAIN_HISTORICAL,docs/history/releases/opt-d-validate-0.1/OPT_C_MEASUREMENT_2025_VALIDATION/OVC_OPT_C_NEUTRAL_MEASUREMENT_IMPLEMENTATION_CONTRACT_v0_1_1.md,R0C-HISTORY,"Historical releases, decisions and evidence remain in place and immutable.",100644,1279,438780ac35491912fff7b1dd868b31c8802ee660,946aaf21d7816b1d2e9195d39c2d4d81d0890cf0d764ad2cfb2a72c2ce9776ba
docs/history/releases/opt-d-validate-0.1/OPT_C_MEASUREMENT_2025_VALIDATION/opt_c_neutral_outcome_measurement_summary.json,RETAIN_HISTORICAL,docs/history/releases/opt-d-validate-0.1/OPT_C_MEASUREMENT_2025_VALIDATION/opt_c_neutral_outcome_measurement_summary.json,R0C-HISTORY,"Historical releases, decisions and evidence remain in place and immutable.",100644,13224,17c9daffd9f5fe0dbe0f6b215799df65816c2670,959f8e4b5943edd405ec71eb847bb1e274d858000dd1135037d3fd9f9312e883
docs/history/releases/opt-d-validate-0.1/OPT_C_SEMANTIC_REVIEW_2025_VALIDATION_FINAL/OPT_C_SEMANTIC_SANITY_REVIEW_MANIFEST.json,RETAIN_HISTORICAL,docs/history/releases/opt-d-validate-0.1/OPT_C_SEMANTIC_REVIEW_2025_VALIDATION_FINAL/OPT_C_SEMANTIC_SANITY_REVIEW_MANIFEST.json,R0C-HISTORY,"Historical releases, decisions and evidence remain in place and immutable.",100644,50938,3a72eb65e3fea3099cca739fe5843bbc29de8d02,579bbe2db67798811df25fb23f7946ea71092e58e91b073ae87b97976832fcc9
docs/history/releases/opt-d-validate-0.1/OPT_C_SEMANTIC_REVIEW_2025_VALIDATION_FINAL/OVC_OPT_C_NEUTRAL_MEASUREMENT_IMPLEMENTATION_CONTRACT_v0_1_1.md,RETAIN_HISTORICAL,docs/history/releases/opt-d-validate-0.1/OPT_C_SEMANTIC_REVIEW_2025_VALIDATION_FINAL/OVC_OPT_C_NEUTRAL_MEASUREMENT_IMPLEMENTATION_CONTRACT_v0_1_1.md,R0C-HISTORY,"Historical releases, decisions and evidence remain in place and immutable.",100644,1279,438780ac35491912fff7b1dd868b31c8802ee660,946aaf21d7816b1d2e9195d39c2d4d81d0890cf0d764ad2cfb2a72c2ce9776ba
docs/history/releases/opt-d-validate-0.1/OPT_C_SEMANTIC_REVIEW_2025_VALIDATION_FINAL/OVC_OPT_C_SEMANTIC_SANITY_REVIEW_CONTRACT_v0_1.md,RETAIN_HISTORICAL,docs/history/releases/opt-d-validate-0.1/OPT_C_SEMANTIC_REVIEW_2025_VALIDATION_FINAL/OVC_OPT_C_SEMANTIC_SANITY_REVIEW_CONTRACT_v0_1.md,R0C-HISTORY,"Historical releases, decisions and evidence remain in place and immutable.",100644,1955,a951a9dfd58079da9fe967304b13f9feb464de08,5e039a3523d7538685770324d1e3be23ddb473ce6e1de936fc37ebdb83e00fc9
docs/history/releases/opt-d-validate-0.1/OPT_C_SEMANTIC_REVIEW_2025_VALIDATION_FINAL/OVC_OPT_C_SEMANTIC_SANITY_REVIEW_REPORT_v0_1.md,RETAIN_HISTORICAL,docs/history/releases/opt-d-validate-0.1/OPT_C_SEMANTIC_REVIEW_2025_VALIDATION_FINAL/OVC_OPT_C_SEMANTIC_SANITY_REVIEW_REPORT_v0_1.md,R0C-HISTORY,"Historical releases, decisions and evidence remain in place and immutable.",100644,2587,061387e085f694b7b31ae93a041666894d05408e,10146f7987f52766c0858d95dc9c9fa2bafcbb7f8a1862532c619f568e9c73fd
docs/history/releases/opt-d-validate-0.1/OPT_C_SEMANTIC_REVIEW_2025_VALIDATION_FINAL/opt_c_semantic_distribution_integrity.json,RETAIN_HISTORICAL,docs/history/releases/opt-d-validate-0.1/OPT_C_SEMANTIC_REVIEW_2025_VALIDATION_FINAL/opt_c_semantic_distribution_integrity.json,R0C-HISTORY,"Historical releases, decisions and evidence remain in place and immutable.",100644,12026,49eed9ca05e0be2a70b2dc07a8b83173cc80fbee,28dd4b6bb1a705f97b5aa8cd116e8138ad7258114d42f2b687154f628f8f9ba9
docs/history/releases/opt-d-validate-0.1/OPT_C_SEMANTIC_REVIEW_2025_VALIDATION_FINAL/opt_c_semantic_frontier_review.json,RETAIN_HISTORICAL,docs/history/releases/opt-d-validate-0.1/OPT_C_SEMANTIC_REVIEW_2025_VALIDATION_FINAL/opt_c_semantic_frontier_review.json,R0C-HISTORY,"Historical releases, decisions and evidence remain in place and immutable.",100644,5850,81083f816d600e2317ea79a0c3b1890664d4a199,3b79f9be7a0b4d6846c7bc74842aec0c205299dc6c8ed5e70face0704a3cc150
docs/history/releases/opt-d-validate-0.1/OPT_C_SEMANTIC_REVIEW_2025_VALIDATION_FINAL/opt_c_semantic_overlap_review.json,RETAIN_HISTORICAL,docs/history/releases/opt-d-validate-0.1/OPT_C_SEMANTIC_REVIEW_2025_VALIDATION_FINAL/opt_c_semantic_overlap_review.json,R0C-HISTORY,"Historical releases, decisions and evidence remain in place and immutable.",100644,23792,a776ff636812ebd8e21049d89e066b6ac521cd08,0bd60c723b7050b8cb4cd711aef1a79fca0d045e751fa2daf0432718f226ed8a
docs/history/releases/opt-d-validate-0.1/OPT_C_SEMANTIC_REVIEW_2025_VALIDATION_FINAL/opt_c_semantic_review_summary.json,RETAIN_HISTORICAL,docs/history/releases/opt-d-validate-0.1/OPT_C_SEMANTIC_REVIEW_2025_VALIDATION_FINAL/opt_c_semantic_review_summary.json,R0C-HISTORY,"Historical releases, decisions and evidence remain in place and immutable.",100644,45040,03b48543e6ecafec7141628f4a7984224b9b0651,986d8044c555edcc74b7234122cf2f99bdaf9254b593a88b1b84faea0d20a620
docs/history/releases/opt-d-validate-0.1/OPT_D_COHORT_2025_VALIDATION/OPT_D_CLUSTER_AWARE_COHORT_MANIFEST.json,RETAIN_HISTORICAL,docs/history/releases/opt-d-validate-0.1/OPT_D_COHORT_2025_VALIDATION/OPT_D_CLUSTER_AWARE_COHORT_MANIFEST.json,R0C-HISTORY,"Historical releases, decisions and evidence remain in place and immutable.",100644,6776,5009f1caf3b0bc71ff6ff2d61d36e8ea8cd7f87d,b28653691892a3c782cc9f1f32898603bafce8d28422fb3b4cec9bdb9e0adf38
docs/history/releases/opt-d-validate-0.1/OPT_D_COHORT_2025_VALIDATION/OVC_OPT_C_SEMANTIC_SANITY_REVIEW_CONTRACT_v0_1.md,RETAIN_HISTORICAL,docs/history/releases/opt-d-validate-0.1/OPT_D_COHORT_2025_VALIDATION/OVC_OPT_C_SEMANTIC_SANITY_REVIEW_CONTRACT_v0_1.md,R0C-HISTORY,"Historical releases, decisions and evidence remain in place and immutable.",100644,1955,a951a9dfd58079da9fe967304b13f9feb464de08,5e039a3523d7538685770324d1e3be23ddb473ce6e1de936fc37ebdb83e00fc9
docs/history/releases/opt-d-validate-0.1/OPT_D_COHORT_2025_VALIDATION/OVC_OPT_D_CLUSTER_AWARE_COHORT_CONTRACT_v0_1.md,RETAIN_HISTORICAL,docs/history/releases/opt-d-validate-0.1/OPT_D_COHORT_2025_VALIDATION/OVC_OPT_D_CLUSTER_AWARE_COHORT_CONTRACT_v0_1.md,R0C-HISTORY,"Historical releases, decisions and evidence remain in place and immutable.",100644,2265,dde8973f4b48b6c7a193c2be51a1211ab6e75261,37e46b6cb53351fa1b7010158b99a430347bd562274e2ca658ba96b32c2a626a
docs/history/releases/opt-d-validate-0.1/OPT_D_COHORT_2025_VALIDATION/OVC_OPT_D_CLUSTER_AWARE_COHORT_REPORT_v0_1.md,RETAIN_HISTORICAL,docs/history/releases/opt-d-validate-0.1/OPT_D_COHORT_2025_VALIDATION/OVC_OPT_D_CLUSTER_AWARE_COHORT_REPORT_v0_1.md,R0C-HISTORY,"Historical releases, decisions and evidence remain in place and immutable.",100644,1818,fee6938c2179a6bec6fbb9ba057e32d05dc1e62b,48f5a48660a6bd82b1c5e6f3c3f84faaeea4538164bd30137208dc0e13e45156
docs/history/releases/opt-d-validate-0.1/OPT_D_COHORT_2025_VALIDATION/opt_d_base_cohort_registry.jsonl.gz,RETAIN_HISTORICAL,docs/history/releases/opt-d-validate-0.1/OPT_D_COHORT_2025_VALIDATION/opt_d_base_cohort_registry.jsonl.gz,R0C-HISTORY,"Historical releases, decisions and evidence remain in place and immutable.",100644,22096,9835b7cd4f993b7ffa60eab45b2c62b49fed1822,90006b7afd1d048a3b5e52e9e7ce777d42bad9bee5ee28d0f4d01ad194ac7b04
docs/history/releases/opt-d-validate-0.1/OPT_D_COHORT_2025_VALIDATION/opt_d_cluster_aware_cohort_summary.json,RETAIN_HISTORICAL,docs/history/releases/opt-d-validate-0.1/OPT_D_COHORT_2025_VALIDATION/opt_d_cluster_aware_cohort_summary.json,R0C-HISTORY,"Historical releases, decisions and evidence remain in place and immutable.",100644,3464,699056ecd08fffbea0462016ed63219366b0a693,09398837cf46cabe46cc083d578ca1438f579306cb774ebf286fa7b31276e333
docs/history/releases/opt-d-validate-0.1/OPT_D_COHORT_2025_VALIDATION/opt_d_signature_cohort_registry.jsonl.gz,RETAIN_HISTORICAL,docs/history/releases/opt-d-validate-0.1/OPT_D_COHORT_2025_VALIDATION/opt_d_signature_cohort_registry.jsonl.gz,R0C-HISTORY,"Historical releases, decisions and evidence remain in place and immutable.",100644,264093,b63166ae034f724777a3c6cb0819592b97605031,00c93ba6d881bf58bf5de0401e1759f50b573a0c6dfab07c3bba76bc5457698b
docs/history/releases/opt-d-validate-0.1/OPT_D_EVIDENCE_REVIEW_2026_H1_v0_1_FINAL/OPT_D_EVIDENCE_REVIEW_MANIFEST.json,RETAIN_HISTORICAL,docs/history/releases/opt-d-validate-0.1/OPT_D_EVIDENCE_REVIEW_2026_H1_v0_1_FINAL/OPT_D_EVIDENCE_REVIEW_MANIFEST.json,R0C-HISTORY,"Historical releases, decisions and evidence remain in place and immutable.",100644,5623,d23112a1e2715e470578779730021e34d26fa92c,0faa0638aaf0ef1d687b1c659e590a1716220c63906d7e3369c232495fba6056
docs/history/releases/opt-d-validate-0.1/OPT_D_EVIDENCE_REVIEW_2026_H1_v0_1_FINAL/OPT_D_EVIDENCE_REVIEW_VALIDATION.json,RETAIN_HISTORICAL,docs/history/releases/opt-d-validate-0.1/OPT_D_EVIDENCE_REVIEW_2026_H1_v0_1_FINAL/OPT_D_EVIDENCE_REVIEW_VALIDATION.json,R0C-HISTORY,"Historical releases, decisions and evidence remain in place and immutable.",100644,3332,af811e0177dbc4c9e61f38c03dcdcfe30384514a,29f5fd6018697bd4ded1e52419330c5a7cc1008fcafceef6cc67dfc50b5e63db
docs/history/releases/opt-d-validate-0.1/OPT_D_EVIDENCE_REVIEW_2026_H1_v0_1_FINAL/OPT_D_EVIDENCE_REVIEW_VALIDATION.md,RETAIN_HISTORICAL,docs/history/releases/opt-d-validate-0.1/OPT_D_EVIDENCE_REVIEW_2026_H1_v0_1_FINAL/OPT_D_EVIDENCE_REVIEW_VALIDATION.md,R0C-HISTORY,"Historical releases, decisions and evidence remain in place and immutable.",100644,505,4fb9c791125fa8f7df1aa85033148841bb269bc6,a5dbd3b706c482abcac99ad57efd74c45395fa4a3eb1e553d4ddcb8a27a64dec
docs/history/releases/opt-d-validate-0.1/OPT_D_EVIDENCE_REVIEW_2026_H1_v0_1_FINAL/OPT_D_REVIEW_OPERATOR_RATIFICATION_CHECKLIST_v0_1.md,RETAIN_HISTORICAL,docs/history/releases/opt-d-validate-0.1/OPT_D_EVIDENCE_REVIEW_2026_H1_v0_1_FINAL/OPT_D_REVIEW_OPERATOR_RATIFICATION_CHECKLIST_v0_1.md,R0C-HISTORY,"Historical releases, decisions and evidence remain in place and immutable.",100644,1372,578116f65f8e126c0d89227ab1b490827932f168,aa9d48840e9e828e8d24926c0d9fc732f91451b9d8474d09419a37b75e967de9
docs/history/releases/opt-d-validate-0.1/OPT_D_EVIDENCE_REVIEW_2026_H1_v0_1_FINAL/OVC_OPT_D_EVIDENCE_REVIEW_HYPOTHESIS_CONTRACT_v0_1.md,RETAIN_HISTORICAL,docs/history/releases/opt-d-validate-0.1/OPT_D_EVIDENCE_REVIEW_2026_H1_v0_1_FINAL/OVC_OPT_D_EVIDENCE_REVIEW_HYPOTHESIS_CONTRACT_v0_1.md,R0C-HISTORY,"Historical releases, decisions and evidence remain in place and immutable.",100644,3381,5d6d1f9530b0ced14e32236c2459de9f7c6d64ec,dea0d4de96add9d7f3dd17bd63b51ca03adc0dec5af631261a95cd43ff6b01ae
docs/history/releases/opt-d-validate-0.1/OPT_D_EVIDENCE_REVIEW_2026_H1_v0_1_FINAL/OVC_OPT_D_EVIDENCE_REVIEW_REPORT_v0_1.md,RETAIN_HISTORICAL,docs/history/releases/opt-d-validate-0.1/OPT_D_EVIDENCE_REVIEW_2026_H1_v0_1_FINAL/OVC_OPT_D_EVIDENCE_REVIEW_REPORT_v0_1.md,R0C-HISTORY,"Historical releases, decisions and evidence remain in place and immutable.",100644,2496,7433659c4ab5ecb8d9e12e77c5eb038e90ffbaf0,708fdcd44413db7379f358ebf386df67bae4cfb93046f8025bc920ee549c6573
docs/history/releases/opt-d-validate-0.1/OPT_D_EVIDENCE_REVIEW_2026_H1_v0_1_FINAL/OVC_OPT_D_REPEATED_STORY_EVIDENCE_CONTRACT_v0_1.md,RETAIN_HISTORICAL,docs/history/releases/opt-d-validate-0.1/OPT_D_EVIDENCE_REVIEW_2026_H1_v0_1_FINAL/OVC_OPT_D_REPEATED_STORY_EVIDENCE_CONTRACT_v0_1.md,R0C-HISTORY,"Historical releases, decisions and evidence remain in place and immutable.",100644,3266,a20b01348966ade948dbd9d1ad218eae3b78a61e,70f57c9a7eed5d5b8309fdfd0adf52ce9740a78d3a55a581044750a042ad8bab
docs/history/releases/opt-d-validate-0.1/OPT_D_EVIDENCE_REVIEW_2026_H1_v0_1_FINAL/opt_d_evidence_review_summary.json,RETAIN_HISTORICAL,docs/history/releases/opt-d-validate-0.1/OPT_D_EVIDENCE_REVIEW_2026_H1_v0_1_FINAL/opt_d_evidence_review_summary.json,R0C-HISTORY,"Historical releases, decisions and evidence remain in place and immutable.",100644,2787,820759f5c8c0c901e831393f9c4c49f0c857e1bb,b70199f7564880721a3b983ea6b070936640ab78f6daa976d86816b93dd4af63
docs/history/releases/opt-d-validate-0.1/OPT_D_EVIDENCE_REVIEW_2026_H1_v0_1_FINAL/opt_d_pending_hypothesis_register.jsonl.gz,RETAIN_HISTORICAL,docs/history/releases/opt-d-validate-0.1/OPT_D_EVIDENCE_REVIEW_2026_H1_v0_1_FINAL/opt_d_pending_hypothesis_register.jsonl.gz,R0C-HISTORY,"Historical releases, decisions and evidence remain in place and immutable.",100644,188132,db0800098afcaa7d352cd92c521f39e052cb6e09,0785abdf9e5eba942f809a90d06f2db301186787ba5798c0aba29553c60e404e
docs/history/releases/opt-d-validate-0.1/OPT_D_REVIEW_0_1_RATIFIED/OPT_D_REVIEW_0_1_BATCH_RATIFICATION_RECORD.md,RETAIN_HISTORICAL,docs/history/releases/opt-d-validate-0.1/OPT_D_REVIEW_0_1_RATIFIED/OPT_D_REVIEW_0_1_BATCH_RATIFICATION_RECORD.md,R0C-HISTORY,"Historical releases, decisions and evidence remain in place and immutable.",100644,1117,6ae93e13c9e9cfcd22bf5abf15aa0c14081e60e3,c3952451fda9f4575954b59a1bbdef4ff675a6c3f2bd88e14426ebd5b3e9b495
docs/history/releases/opt-d-validate-0.1/OPT_D_REVIEW_0_1_RATIFIED/OPT_D_REVIEW_OPERATOR_RATIFICATION_CHECKLIST_v0_1.md,RETAIN_HISTORICAL,docs/history/releases/opt-d-validate-0.1/OPT_D_REVIEW_0_1_RATIFIED/OPT_D_REVIEW_OPERATOR_RATIFICATION_CHECKLIST_v0_1.md,R0C-HISTORY,"Historical releases, decisions and evidence remain in place and immutable.",100644,1372,578116f65f8e126c0d89227ab1b490827932f168,aa9d48840e9e828e8d24926c0d9fc732f91451b9d8474d09419a37b75e967de9
docs/history/releases/opt-d-validate-0.1/OPT_D_REVIEW_0_1_RATIFIED/OPT_D_REVIEW_RATIFICATION_MANIFEST.json,RETAIN_HISTORICAL,docs/history/releases/opt-d-validate-0.1/OPT_D_REVIEW_0_1_RATIFIED/OPT_D_REVIEW_RATIFICATION_MANIFEST.json,R0C-HISTORY,"Historical releases, decisions and evidence remain in place and immutable.",100644,2556,52aae255e446bb429aad0f2433422855730358b9,b3e9ee3939bdf4312b5e37302549901699df57a0077a25ebf47bbd3b8ea2b67a
docs/history/releases/opt-d-validate-0.1/OPT_D_REVIEW_0_1_RATIFIED/OVC_OPT_D_EVIDENCE_REVIEW_HYPOTHESIS_CONTRACT_v0_1.md,RETAIN_HISTORICAL,docs/history/releases/opt-d-validate-0.1/OPT_D_REVIEW_0_1_RATIFIED/OVC_OPT_D_EVIDENCE_REVIEW_HYPOTHESIS_CONTRACT_v0_1.md,R0C-HISTORY,"Historical releases, decisions and evidence remain in place and immutable.",100644,3381,5d6d1f9530b0ced14e32236c2459de9f7c6d64ec,dea0d4de96add9d7f3dd17bd63b51ca03adc0dec5af631261a95cd43ff6b01ae
docs/history/releases/opt-d-validate-0.1/OPT_D_VALIDATE_2025_V0_1_FINAL/OPT_D_UNTOUCHED_VALIDATION_MANIFEST.json,RETAIN_HISTORICAL,docs/history/releases/opt-d-validate-0.1/OPT_D_VALIDATE_2025_V0_1_FINAL/OPT_D_UNTOUCHED_VALIDATION_MANIFEST.json,R0C-HISTORY,"Historical releases, decisions and evidence remain in place and immutable.",100644,4873,a277c40ff50dfd5af09601f514b9155741de237f,723e97519d09023f980d2041ca300546ece8042d767015472abfadb39f709280
docs/history/releases/opt-d-validate-0.1/OPT_D_VALIDATE_2025_V0_1_FINAL/OPT_D_UNTOUCHED_VALIDATION_VERIFICATION.json,RETAIN_HISTORICAL,docs/history/releases/opt-d-validate-0.1/OPT_D_VALIDATE_2025_V0_1_FINAL/OPT_D_UNTOUCHED_VALIDATION_VERIFICATION.json,R0C-HISTORY,"Historical releases, decisions and evidence remain in place and immutable.",100644,4115,66a7861afa0fb0e48e1c0d038feda6707dae42a0,ab31b06f64481334322223981d4e822b14d7990163ca4d7e17b36e6ada5eb83f
docs/history/releases/opt-d-validate-0.1/OPT_D_VALIDATE_2025_V0_1_FINAL/OPT_D_UNTOUCHED_VALIDATION_VERIFICATION.md,RETAIN_HISTORICAL,docs/history/releases/opt-d-validate-0.1/OPT_D_VALIDATE_2025_V0_1_FINAL/OPT_D_UNTOUCHED_VALIDATION_VERIFICATION.md,R0C-HISTORY,"Historical releases, decisions and evidence remain in place and immutable.",100644,585,895a89ebda248421b9c812583d9e9a0d079c802f,93dec432559ed5e63de0b662fdbe466b0182216a885af9462dfebb50f963a849
docs/history/releases/opt-d-validate-0.1/OPT_D_VALIDATE_2025_V0_1_FINAL/OVC_OPT_D_UNTOUCHED_VALIDATION_CONTRACT_v0_1.md,RETAIN_HISTORICAL,docs/history/releases/opt-d-validate-0.1/OPT_D_VALIDATE_2025_V0_1_FINAL/OVC_OPT_D_UNTOUCHED_VALIDATION_CONTRACT_v0_1.md,R0C-HISTORY,"Historical releases, decisions and evidence remain in place and immutable.",100644,2844,8cb615f8e8da9eb73b30fff742ad4be762d9ab31,65dd28fd9d2b46ff521afad4d0a8257c4fd20856b56a4f8180173523a4614cc3
docs/history/releases/opt-d-validate-0.1/OPT_D_VALIDATE_2025_V0_1_FINAL/OVC_OPT_D_UNTOUCHED_VALIDATION_REPORT_v0_1.md,RETAIN_HISTORICAL,docs/history/releases/opt-d-validate-0.1/OPT_D_VALIDATE_2025_V0_1_FINAL/OVC_OPT_D_UNTOUCHED_VALIDATION_REPORT_v0_1.md,R0C-HISTORY,"Historical releases, decisions and evidence remain in place and immutable.",100644,1555,2ff3e7a4c2d6318391ab7655ec1e8c296d898256,428db141b32e226432fdee5f952b7665581c41dd6d04ed90fc07543c4185a1d4
docs/history/releases/opt-d-validate-0.1/OPT_D_VALIDATE_2025_V0_1_FINAL/opt_d_holdout_validation_summary.json,RETAIN_HISTORICAL,docs/history/releases/opt-d-validate-0.1/OPT_D_VALIDATE_2025_V0_1_FINAL/opt_d_holdout_validation_summary.json,R0C-HISTORY,"Historical releases, decisions and evidence remain in place and immutable.",100644,2005,f41fde1169fd01078b1b50b115aa1a154d7f758f,6841e63db780424e019ab2370bda90fc7e0bc5e02dacb81eec7dabae0032b84e
docs/history/releases/opt-d-validate-0.1/OVC_GBPUSD_2025_OPT_D_VALIDATE_HANDOVER.md,RETAIN_HISTORICAL,docs/history/releases/opt-d-validate-0.1/OVC_GBPUSD_2025_OPT_D_VALIDATE_HANDOVER.md,R0C-HISTORY,"Historical releases, decisions and evidence remain in place and immutable.",100644,1324,99d0bb0c522c9ed4e352633eebfa608cf6381cdb,99e16c6451e397079bcb832ee6687a97ad5a02a347cc97aa91c34543d2b7f8dc
docs/history/releases/opt-d-validate-0.1/OVC_OPT_D_VALIDATION_DECISION_NOTE_2025.md,RETAIN_HISTORICAL,docs/history/releases/opt-d-validate-0.1/OVC_OPT_D_VALIDATION_DECISION_NOTE_2025.md,R0C-HISTORY,"Historical releases, decisions and evidence remain in place and immutable.",100644,1250,6b30da2f56c63f50319535fe7a7f0d62068552c0,a8356124df0c145da3f495ab1aab34e8b6eb058b395999ba89a109fdcea8d334
docs/history/releases/paper-playbook-gate-0.1/OVC_PAPER_PLAYBOOK_GATE_CONTRACT_v0_1.md,RETAIN_HISTORICAL,docs/history/releases/paper-playbook-gate-0.1/OVC_PAPER_PLAYBOOK_GATE_CONTRACT_v0_1.md,R0C-HISTORY,"Historical releases, decisions and evidence remain in place and immutable.",100644,1621,0af4954ffe6da9504846817a504bca220dd0b896,2ea584b76d4b372888240b9426418f53abffdf053227b9d6cac24fa6ff6b996f
docs/history/releases/paper-playbook-gate-0.1/OVC_PAPER_PLAYBOOK_GATE_REPORT_v0_1.md,RETAIN_HISTORICAL,docs/history/releases/paper-playbook-gate-0.1/OVC_PAPER_PLAYBOOK_GATE_REPORT_v0_1.md,R0C-HISTORY,"Historical releases, decisions and evidence remain in place and immutable.",100644,1230,4e233c2ee659a5393568787a8d8c4f242120f5ab,7be61c9a4ede3f42d93463b1f04a2eaffbab74b42f91b66234d220a0652011f7
docs/history/releases/paper-playbook-gate-0.1/PAPER_PLAYBOOK_GATE_MANIFEST.json,RETAIN_HISTORICAL,docs/history/releases/paper-playbook-gate-0.1/PAPER_PLAYBOOK_GATE_MANIFEST.json,R0C-HISTORY,"Historical releases, decisions and evidence remain in place and immutable.",100644,3742,f0472f4294248b1d55d52426f20c5d495175fc86,3ebb8988040153c3beff12b5214d26be62a06281d5e25482b7c9cecd2853ce19
docs/history/releases/paper-playbook-gate-0.1/PAPER_PLAYBOOK_GATE_VERIFICATION.json,RETAIN_HISTORICAL,docs/history/releases/paper-playbook-gate-0.1/PAPER_PLAYBOOK_GATE_VERIFICATION.json,R0C-HISTORY,"Historical releases, decisions and evidence remain in place and immutable.",100644,1771,a52487a5d4130ea34328e1a92e6bc4e0b75963f0,aef0a52b7284725602e5e3f4d1412c5bad1835a8f356680d8f41783b64643a1c
docs/history/releases/paper-playbook-gate-0.1/PAPER_PLAYBOOK_GATE_VERIFICATION.md,RETAIN_HISTORICAL,docs/history/releases/paper-playbook-gate-0.1/PAPER_PLAYBOOK_GATE_VERIFICATION.md,R0C-HISTORY,"Historical releases, decisions and evidence remain in place and immutable.",100644,378,a3554ad718bad10f37948e49b3afbabbde6a1caa,4a3170b9af9233ee69cdfabe4fd94ae2ccfeef7cd6115e4877b8ec5d04873ffe
docs/history/releases/paper-playbook-gate-0.1/paper_playbook_authorized_registry.jsonl.gz,RETAIN_HISTORICAL,docs/history/releases/paper-playbook-gate-0.1/paper_playbook_authorized_registry.jsonl.gz,R0C-HISTORY,"Historical releases, decisions and evidence remain in place and immutable.",100644,25,ab6a7d9eea641be373db830152738ff3ce3a1ab0,5056f057a3db1a5d162027040c57ea09d087dee3cda8ba2d42d0f556b7e7f007
docs/history/releases/paper-playbook-gate-0.1/paper_playbook_gate_summary.json,RETAIN_HISTORICAL,docs/history/releases/paper-playbook-gate-0.1/paper_playbook_gate_summary.json,R0C-HISTORY,"Historical releases, decisions and evidence remain in place and immutable.",100644,1245,1f47562c8ec23d374c6067e98525cbbef84b40f2,035288cca2589eaf3800ad9bd1ea5ed8b128f7f16ae7675eecc0155dbaacc408
pyproject.toml,REBUILD_V2,pyproject.toml,R0C-ROOT-SEMANTIC,Active repository metadata must be rewritten to describe the v2 discovery foundation.,100644,342,c5397443b72e58de477a608edafee49f305eae78,f1572d15f33d38eb679179b26629312c9409e25b5cf426064373c049777856c7
scripts/audit_opt_c_forward_path_coverage.py,MOVE_TO_QUARANTINE,legacy/quarantine/abcd-engine-v1-c0ad7ba/scripts/audit_opt_c_forward_path_coverage.py,R0C-LEGACY-SCRIPT,Current scripts execute or validate the superseded ABCD discovery and evidence programme.,100644,15774,e76c9618e243df086c88f7b5bcbc3bd08eaaadcb,cc3f9f998134f85806cf7c9326b1d167a6f3348b0faa4db06224c7f12c252ad6
scripts/build_opt_a_validation_seal.py,MOVE_TO_QUARANTINE,legacy/quarantine/abcd-engine-v1-c0ad7ba/scripts/build_opt_a_validation_seal.py,R0C-LEGACY-SCRIPT,Current scripts execute or validate the superseded ABCD discovery and evidence programme.,100644,13823,593ff589aff8a8cec2b2d02cec6a75d96598fb13,ab04c85a84ac944314a0fb7cdcb05ead3cd477f0d0598391de4940b1a615bc29
scripts/build_opt_c_event_anchor_ledger.py,MOVE_TO_QUARANTINE,legacy/quarantine/abcd-engine-v1-c0ad7ba/scripts/build_opt_c_event_anchor_ledger.py,R0C-LEGACY-SCRIPT,Current scripts execute or validate the superseded ABCD discovery and evidence programme.,100644,23107,9dda054bf722f3333cd6427ad43158280ebe138f,37d3f11cd70e2a3dfa73eade8e10c8d28dce4438fcbcad86fefcd5d1551a3d97
scripts/build_opt_d_cluster_cohorts.py,MOVE_TO_QUARANTINE,legacy/quarantine/abcd-engine-v1-c0ad7ba/scripts/build_opt_d_cluster_cohorts.py,R0C-LEGACY-SCRIPT,Current scripts execute or validate the superseded ABCD discovery and evidence programme.,100644,22366,5eb631fadb3d9c7c1d41f8842d61cb989ceaa632,c82b0b66816ee8dd969a842b0d4da42418b2772655e427fc6562c1278c1c69fd
scripts/build_opt_d_cluster_contrasts.py,MOVE_TO_QUARANTINE,legacy/quarantine/abcd-engine-v1-c0ad7ba/scripts/build_opt_d_cluster_contrasts.py,R0C-LEGACY-SCRIPT,Current scripts execute or validate the superseded ABCD discovery and evidence programme.,100644,23643,cd4f921ccffd928799c7a3755936468d271f1056,59a88a0679ecfc12d32b44d43582784feaff287b99790dbb975bd24d84cf87ee
scripts/build_opt_d_review.py,MOVE_TO_QUARANTINE,legacy/quarantine/abcd-engine-v1-c0ad7ba/scripts/build_opt_d_review.py,R0C-LEGACY-SCRIPT,Current scripts execute or validate the superseded ABCD discovery and evidence programme.,100644,24506,c480c10d5f9e9f94fc55ce4a28d0e8f3f8574b9a,00803dffeca397b530a2408b7005ee31385da67d5dff827672baf08343b57afb
scripts/build_opt_d_story_evidence.py,MOVE_TO_QUARANTINE,legacy/quarantine/abcd-engine-v1-c0ad7ba/scripts/build_opt_d_story_evidence.py,R0C-LEGACY-SCRIPT,Current scripts execute or validate the superseded ABCD discovery and evidence programme.,100644,30482,6a43581bf3924dfe844dc19380fabf5a0bf434a6,6a3e50923f60dd82eca446e1afe4c3ed79eab439bd8d1cd4ee7b1040382f127e
scripts/build_ratified_acceptance_frontier_state_release.py,MOVE_TO_QUARANTINE,legacy/quarantine/abcd-engine-v1-c0ad7ba/scripts/build_ratified_acceptance_frontier_state_release.py,R0C-LEGACY-SCRIPT,Current scripts execute or validate the superseded ABCD discovery and evidence programme.,100644,15904,7bda204b8c09ccde214ca8b8f805a5a4612049fb,661a3c2e336db595aa9dca0477e675ff8153dacb2d4f1fb571197f5e12b98d8e
scripts/build_reference_level_registry.py,MOVE_TO_QUARANTINE,legacy/quarantine/abcd-engine-v1-c0ad7ba/scripts/build_reference_level_registry.py,R0C-LEGACY-SCRIPT,Current scripts execute or validate the superseded ABCD discovery and evidence programme.,100644,10475,7586dbdf11f0c6148984198a3535206d678a7d31,8277da4c124d6486e779ab4f786c9a6ad3e22dee5ba576d15ab5e82033571ec3
scripts/ingest_dukascopy.py,MOVE_TO_QUARANTINE,legacy/quarantine/abcd-engine-v1-c0ad7ba/scripts/ingest_dukascopy.py,R0C-LEGACY-SCRIPT,Current scripts execute or validate the superseded ABCD discovery and evidence programme.,100644,9525,bbc4f1e092e65b3531d288b30b38e784b5647873,8cb7e32345874de88b58b9888942ed800cb84c128a42c8a58bab29f6f002c51d
scripts/ingest_dukascopy_hourly.py,MOVE_TO_QUARANTINE,legacy/quarantine/abcd-engine-v1-c0ad7ba/scripts/ingest_dukascopy_hourly.py,R0C-LEGACY-SCRIPT,Current scripts execute or validate the superseded ABCD discovery and evidence programme.,100644,8400,fa6966a3a74dce299c0d860f119a3f8af307e723,5fc95354cb3cddc679a21c173e488319cd32f7279a88c321160328d85e502763
scripts/measure_opt_c_neutral_outcomes.py,MOVE_TO_QUARANTINE,legacy/quarantine/abcd-engine-v1-c0ad7ba/scripts/measure_opt_c_neutral_outcomes.py,R0C-LEGACY-SCRIPT,Current scripts execute or validate the superseded ABCD discovery and evidence programme.,100644,18433,7f39b6c20ff365ed33978d4b7331acc9acd4be39,47e0032cd02e5bee598c9e5215915bf3455fd56be64bd68c94b67bc094d3ac16
scripts/ratify_opt_d_review.py,MOVE_TO_QUARANTINE,legacy/quarantine/abcd-engine-v1-c0ad7ba/scripts/ratify_opt_d_review.py,R0C-LEGACY-SCRIPT,Current scripts execute or validate the superseded ABCD discovery and evidence programme.,100644,6841,a8e15b1a88c03581c1b472609084831d5926b5ae,53bfe5fb458025e5fdccabf0befc79232af47485758d6a6c06af6ed0333fa1a8
scripts/review_opt_c_semantic_sanity.py,MOVE_TO_QUARANTINE,legacy/quarantine/abcd-engine-v1-c0ad7ba/scripts/review_opt_c_semantic_sanity.py,R0C-LEGACY-SCRIPT,Current scripts execute or validate the superseded ABCD discovery and evidence programme.,100644,19554,5c325219d60d5f981108d69125227aef249e4c86,ec67d75cd3b156ca0e589af4b68e92b8eb7464c10e2c26a69a3058234c18df54
scripts/run_acceptance_frontier_semantic_review.py,MOVE_TO_QUARANTINE,legacy/quarantine/abcd-engine-v1-c0ad7ba/scripts/run_acceptance_frontier_semantic_review.py,R0C-LEGACY-SCRIPT,Current scripts execute or validate the superseded ABCD discovery and evidence programme.,100644,22551,2100b9e21e945911914824862134772b569316c5,894775ed1899207d9fff56082c8ede7def7b7aaff9a3b7cd7bbbcd156294a2a6
scripts/run_acceptance_relation_inventory_replay.py,MOVE_TO_QUARANTINE,legacy/quarantine/abcd-engine-v1-c0ad7ba/scripts/run_acceptance_relation_inventory_replay.py,R0C-LEGACY-SCRIPT,Current scripts execute or validate the superseded ABCD discovery and evidence programme.,100644,40143,78b868b50f40a858f83a6509a06c7565c7967479,d1ffc05c80363caa00af23212d03c4c5c4883cf46f7178d0704823243eab7368
scripts/run_complete_opt_b_replay.py,MOVE_TO_QUARANTINE,legacy/quarantine/abcd-engine-v1-c0ad7ba/scripts/run_complete_opt_b_replay.py,R0C-LEGACY-SCRIPT,Current scripts execute or validate the superseded ABCD discovery and evidence programme.,100644,17272,1868490f7003cee7300e4880489957db714d152f,5ab52561c620f69b590495da110f7c606713d393be9c7de0a322d3d7cf06c344
scripts/run_compound_state_replay.py,MOVE_TO_QUARANTINE,legacy/quarantine/abcd-engine-v1-c0ad7ba/scripts/run_compound_state_replay.py,R0C-LEGACY-SCRIPT,Current scripts execute or validate the superseded ABCD discovery and evidence programme.,100644,16376,4ebc982c4d266e6fa88de5033e85cdcfb910fe5a,8161bf30e4875fff19713625c6282ffd9a4fb8d9c5a0a96df3e8a2e9e964211e
scripts/run_opt_d_holdout_validation.py,MOVE_TO_QUARANTINE,legacy/quarantine/abcd-engine-v1-c0ad7ba/scripts/run_opt_d_holdout_validation.py,R0C-LEGACY-SCRIPT,Current scripts execute or validate the superseded ABCD discovery and evidence programme.,100644,21789,9d693a0fa8bae23d192e5ed9b2a63bae5d93ec24,2b9daa0790960c32830b5879a6c28b52e5f9a920cce9230d5c6db2054b1278a1
scripts/run_opt_d_robustness_review.py,MOVE_TO_QUARANTINE,legacy/quarantine/abcd-engine-v1-c0ad7ba/scripts/run_opt_d_robustness_review.py,R0C-LEGACY-SCRIPT,Current scripts execute or validate the superseded ABCD discovery and evidence programme.,100644,25474,ee9fab61c2227d6fc8f4c9d03ff02e81e0fc8792,a5c877caea5764a64a04a87ddb270168ae3f42eea769abe6d2182c3e151c5391
scripts/run_paper_playbook_gate.py,MOVE_TO_QUARANTINE,legacy/quarantine/abcd-engine-v1-c0ad7ba/scripts/run_paper_playbook_gate.py,R0C-LEGACY-SCRIPT,Current scripts execute or validate the superseded ABCD discovery and evidence programme.,100644,12258,ab0b9aa44070fe428924be67cd1cf3c6835ad310,11d36f8c4eba16c7731af75fe1b6224ac0cc74cf8aac2683be1b4d2af56b7279
scripts/run_parallel_axis_state_replay.py,MOVE_TO_QUARANTINE,legacy/quarantine/abcd-engine-v1-c0ad7ba/scripts/run_parallel_axis_state_replay.py,R0C-LEGACY-SCRIPT,Current scripts execute or validate the superseded ABCD discovery and evidence programme.,100644,37933,9d8da6297dc3ff41d7bf14ef043980753384fe8d,c17cb6698c8543f5d7404e64217bb5861144958da65236503b9672573f6770d6
scripts/run_relevance_semantic_sensitivity_review.py,MOVE_TO_QUARANTINE,legacy/quarantine/abcd-engine-v1-c0ad7ba/scripts/run_relevance_semantic_sensitivity_review.py,R0C-LEGACY-SCRIPT,Current scripts execute or validate the superseded ABCD discovery and evidence programme.,100644,21892,5de6e8296c6694d3debc3c83805d8ba48e2ffad7,5257490d8b6922142ad48f21f1cdf37359c980d8f6f6f89275c221e5fedfc80c
scripts/validate_acceptance_frontier_semantic_review.py,MOVE_TO_QUARANTINE,legacy/quarantine/abcd-engine-v1-c0ad7ba/scripts/validate_acceptance_frontier_semantic_review.py,R0C-LEGACY-SCRIPT,Current scripts execute or validate the superseded ABCD discovery and evidence programme.,100644,7546,b01e9df5a65adb4a1c4c9811a2bbf7f921b17153,1f765a24c5d0ebb44f2da1f32664292881f58444eb063e0ea3780981d2aa23a4
scripts/validate_acceptance_relation_inventory_replay.py,MOVE_TO_QUARANTINE,legacy/quarantine/abcd-engine-v1-c0ad7ba/scripts/validate_acceptance_relation_inventory_replay.py,R0C-LEGACY-SCRIPT,Current scripts execute or validate the superseded ABCD discovery and evidence programme.,100644,6645,ef3a309c443da3162cd12b167889cc2c9f1079e4,2ebe4b02b54cb86586ca41934918fd6cd75382ef24f62e7c8fd6e3dbeb5f48ee
scripts/validate_opt_a_validation_seal.py,MOVE_TO_QUARANTINE,legacy/quarantine/abcd-engine-v1-c0ad7ba/scripts/validate_opt_a_validation_seal.py,R0C-LEGACY-SCRIPT,Current scripts execute or validate the superseded ABCD discovery and evidence programme.,100644,8863,8171d7f1c7db1328b8bc3af9ccf83399efe62527,be370a31b2a9e18d0a700067f9ea12d8a4544122cd4b2956d99b31eb29099a3c
scripts/validate_opt_c_event_anchor_ledger.py,MOVE_TO_QUARANTINE,legacy/quarantine/abcd-engine-v1-c0ad7ba/scripts/validate_opt_c_event_anchor_ledger.py,R0C-LEGACY-SCRIPT,Current scripts execute or validate the superseded ABCD discovery and evidence programme.,100644,11948,14dd1bfd85da7cd35686a2a3923c962277a244ea,5c3f23d0a7718e4abca614036746f31824ce43412d9cf9353fbd6e7fb55f23d2
scripts/validate_opt_c_forward_path_coverage.py,MOVE_TO_QUARANTINE,legacy/quarantine/abcd-engine-v1-c0ad7ba/scripts/validate_opt_c_forward_path_coverage.py,R0C-LEGACY-SCRIPT,Current scripts execute or validate the superseded ABCD discovery and evidence programme.,100644,12258,04fd2d986638fbd5c07afe6e18816d1ad366d12e,c970611656e4db6fb01e1c00ea8a10bffb53eb37b9e36b473e4b55aa483f4221
scripts/validate_opt_c_neutral_outcomes.py,MOVE_TO_QUARANTINE,legacy/quarantine/abcd-engine-v1-c0ad7ba/scripts/validate_opt_c_neutral_outcomes.py,R0C-LEGACY-SCRIPT,Current scripts execute or validate the superseded ABCD discovery and evidence programme.,100644,13998,a75885959b48d1a42f802368e139e2c245de1de3,cdfcc2c1676e52ba36cf68c0209cb195493d7e61769c43000c01deb822f37644
scripts/validate_opt_c_semantic_sanity.py,MOVE_TO_QUARANTINE,legacy/quarantine/abcd-engine-v1-c0ad7ba/scripts/validate_opt_c_semantic_sanity.py,R0C-LEGACY-SCRIPT,Current scripts execute or validate the superseded ABCD discovery and evidence programme.,100644,7217,4f1a90e11a0207772fb1511dfc20cc98156b2159,7cc247ab084bf95cc21ec482546affbeeaf6421d209e18ea48f9237c66f530b4
scripts/validate_opt_d_cluster_cohorts.py,MOVE_TO_QUARANTINE,legacy/quarantine/abcd-engine-v1-c0ad7ba/scripts/validate_opt_d_cluster_cohorts.py,R0C-LEGACY-SCRIPT,Current scripts execute or validate the superseded ABCD discovery and evidence programme.,100644,13302,bee071d52c3cfa7fb8ec81fadec5fb91f12301ee,9f7a37d91701562efd6f669e74f8167e310bcca27f3d76494597d26b5b1de834
scripts/validate_opt_d_cluster_contrasts.py,MOVE_TO_QUARANTINE,legacy/quarantine/abcd-engine-v1-c0ad7ba/scripts/validate_opt_d_cluster_contrasts.py,R0C-LEGACY-SCRIPT,Current scripts execute or validate the superseded ABCD discovery and evidence programme.,100644,13407,943c90722548265a776e100df6ee652a622ed8cf,73148907f43744a8e729b4c758e09ce0be738bb4f751bdc2c83db468eec9b320
scripts/validate_opt_d_holdout_validation.py,MOVE_TO_QUARANTINE,legacy/quarantine/abcd-engine-v1-c0ad7ba/scripts/validate_opt_d_holdout_validation.py,R0C-LEGACY-SCRIPT,Current scripts execute or validate the superseded ABCD discovery and evidence programme.,100644,10274,ddf60f05a845d09121df6e2e64691053a62802f4,3f15174663380f4a0dfc233131b127245da35d817c5e0bac41d62c901bf6bd1a
scripts/validate_opt_d_review.py,MOVE_TO_QUARANTINE,legacy/quarantine/abcd-engine-v1-c0ad7ba/scripts/validate_opt_d_review.py,R0C-LEGACY-SCRIPT,Current scripts execute or validate the superseded ABCD discovery and evidence programme.,100644,13392,57b20d128c18d792d670d00c0d3c4c60e9063b76,f4900eefbf35ad1cb5fb76f1e8dbbac979014f6251d6c4745ac972fa3b4f2e29
scripts/validate_opt_d_robustness_review.py,MOVE_TO_QUARANTINE,legacy/quarantine/abcd-engine-v1-c0ad7ba/scripts/validate_opt_d_robustness_review.py,R0C-LEGACY-SCRIPT,Current scripts execute or validate the superseded ABCD discovery and evidence programme.,100644,8372,f863020b16eee46ce7cd61efdb3023313b81d9ea,69aa10df7328aa1fb3687ec58298e71437137cb5c4656c7d9c2369a4bc14b9a5
scripts/validate_opt_d_story_evidence.py,MOVE_TO_QUARANTINE,legacy/quarantine/abcd-engine-v1-c0ad7ba/scripts/validate_opt_d_story_evidence.py,R0C-LEGACY-SCRIPT,Current scripts execute or validate the superseded ABCD discovery and evidence programme.,100644,13239,2bebff60c3f8cb25fb1d06dc07ca37422cc49463,25b8f4935e81220de7c1ef268e69b7e035f71e6e7cd3b716b2b7bb4388cc5769
scripts/validate_paper_playbook_gate.py,MOVE_TO_QUARANTINE,legacy/quarantine/abcd-engine-v1-c0ad7ba/scripts/validate_paper_playbook_gate.py,R0C-LEGACY-SCRIPT,Current scripts execute or validate the superseded ABCD discovery and evidence programme.,100644,7118,83c7b78b1cc4bbe9870d99aacafe9b206a80dce4,b9a4a1b90da7620d627946decc3024a5cd07c33d9ebbe3c5c85cb326d39ffe9e
scripts/validate_parallel_axis_state_replay.py,MOVE_TO_QUARANTINE,legacy/quarantine/abcd-engine-v1-c0ad7ba/scripts/validate_parallel_axis_state_replay.py,R0C-LEGACY-SCRIPT,Current scripts execute or validate the superseded ABCD discovery and evidence programme.,100644,5359,dcc2d4d2464101f9163bf9eb4281da846d6c36c4,8f9b3a438bb9086592fee1750e9aaf24572e30011376549c478b7e4a278e9439
scripts/validate_ratified_acceptance_frontier_state_release.py,MOVE_TO_QUARANTINE,legacy/quarantine/abcd-engine-v1-c0ad7ba/scripts/validate_ratified_acceptance_frontier_state_release.py,R0C-LEGACY-SCRIPT,Current scripts execute or validate the superseded ABCD discovery and evidence programme.,100644,10047,17abaf312f9862fc2ea4fa0b7551f23c51624a17,0d6d2d954983947c458c578a6a6e0725d97d1a233c8214bed7cf872701ef9989
scripts/validate_reference_level_registry.py,MOVE_TO_QUARANTINE,legacy/quarantine/abcd-engine-v1-c0ad7ba/scripts/validate_reference_level_registry.py,R0C-LEGACY-SCRIPT,Current scripts execute or validate the superseded ABCD discovery and evidence programme.,100644,4568,ec5d8fe4a0a057b8432afa9a5ca2a3cb266fd242,af349cca989369cc901a895c9430d9c48965e70b0270489346ac66631a8878db
src/ovc_evidence_store/__init__.py,RETAIN_ACTIVE,src/ovc_evidence_store/__init__.py,R0C-EVIDENCE-STORE,"The tested deterministic manifest, immutable upload and byte-verification package remains active infrastructure.",100644,440,baae0a973ef03906203e295d9d9ee085335732f1,ab110f893afb9175ad15540f9b70c46f67bd8fbc501155f3a62a055529f778f2
src/ovc_evidence_store/__main__.py,RETAIN_ACTIVE,src/ovc_evidence_store/__main__.py,R0C-EVIDENCE-STORE,"The tested deterministic manifest, immutable upload and byte-verification package remains active infrastructure.",100644,3423,cdc0194ed510d01a24d82188a4579ea16826244e,91144fe68d9ea346cc7d594d80cb59f08945c73e49c6e01297395a17cc6fafa1
src/ovc_evidence_store/manifest.py,RETAIN_ACTIVE,src/ovc_evidence_store/manifest.py,R0C-EVIDENCE-STORE,"The tested deterministic manifest, immutable upload and byte-verification package remains active infrastructure.",100644,11412,768ea7ada8a5ba94ea3f6484c465ff38f8e01358,8eb35764c5ab28f57338f810bf674560bc060057ebcc13f7ece6acbdad7c1754
src/ovc_evidence_store/remote.py,RETAIN_ACTIVE,src/ovc_evidence_store/remote.py,R0C-EVIDENCE-STORE,"The tested deterministic manifest, immutable upload and byte-verification package remains active infrastructure.",100644,6482,a9c0e6602ff20d892ec73ff44dd3dcaea3d5e50e,c3e37f9d7dcb291785f4a80b3e636ac42981e9410ab0123cbf5ff59394567024
src/ovc_opt_b/__init__.py,MOVE_TO_QUARANTINE,legacy/quarantine/abcd-engine-v1-c0ad7ba/src/ovc_opt_b/__init__.py,R0C-LEGACY-SOURCE,All source packages except ovc_evidence_store belong to the superseded engine and cannot remain importable.,100644,6283,4b6bb01190068e345311376955d82b368f802bcd,bb95fd34ef5a72a133b4743b4a27899dcaefcadc299283fd47c9d3bd536667f7
src/ovc_opt_b/classifiers.py,MOVE_TO_QUARANTINE,legacy/quarantine/abcd-engine-v1-c0ad7ba/src/ovc_opt_b/classifiers.py,R0C-LEGACY-SOURCE,All source packages except ovc_evidence_store belong to the superseded engine and cannot remain importable.,100644,16119,826f6e4a1e3328f90b7a1b7f3eea4d15099f79af,afdc4af43b5a7e6c4d2039ef441e17bca63114bb7e22d7086a1b2bdb2d9c3688
src/ovc_opt_b/cohorts.py,MOVE_TO_QUARANTINE,legacy/quarantine/abcd-engine-v1-c0ad7ba/src/ovc_opt_b/cohorts.py,R0C-LEGACY-SOURCE,All source packages except ovc_evidence_store belong to the superseded engine and cannot remain importable.,100644,4150,507dbffd75d71880b39362a869cf77ac3077d0a1,9c4dd9345cc836f22d10ecbe9f689113c982a717ab8b22a97a028429cea2f418
src/ovc_opt_b/contrasts.py,MOVE_TO_QUARANTINE,legacy/quarantine/abcd-engine-v1-c0ad7ba/src/ovc_opt_b/contrasts.py,R0C-LEGACY-SOURCE,All source packages except ovc_evidence_store belong to the superseded engine and cannot remain importable.,100644,3269,6403236650624bfac26381d81a9ec1fdf108ff8f,dda18dc610a59c88d0480498b290f3b7900333fedaf79703d1e76df0258858b4
src/ovc_opt_b/full_replay.py,MOVE_TO_QUARANTINE,legacy/quarantine/abcd-engine-v1-c0ad7ba/src/ovc_opt_b/full_replay.py,R0C-LEGACY-SOURCE,All source packages except ovc_evidence_store belong to the superseded engine and cannot remain importable.,100644,22318,add26b160266a84d32d15520aa41362d0df50225,f98e23e470d39d4996f78501df7297e6196c80af0a92664fc1f1c7360963c6f6
src/ovc_opt_b/holdout_validation.py,MOVE_TO_QUARANTINE,legacy/quarantine/abcd-engine-v1-c0ad7ba/src/ovc_opt_b/holdout_validation.py,R0C-LEGACY-SOURCE,All source packages except ovc_evidence_store belong to the superseded engine and cannot remain importable.,100644,9295,5e52d50bcb90897cf2afa89e5edbf3c4e2ed4b21,ceeb1498194d3da1fb2cbfd0a1fec13a69081bb755278dccd0dcab3211bb2b4b
src/ovc_opt_b/levels.py,MOVE_TO_QUARANTINE,legacy/quarantine/abcd-engine-v1-c0ad7ba/src/ovc_opt_b/levels.py,R0C-LEGACY-SOURCE,All source packages except ovc_evidence_store belong to the superseded engine and cannot remain importable.,100644,9711,24c44d02651fcf6e9f85a091ece72434d747395d,4141e1c60bb013878c550d2a60d171d089a52d33a786cd5448c057ec1f04a786
src/ovc_opt_b/models.py,MOVE_TO_QUARANTINE,legacy/quarantine/abcd-engine-v1-c0ad7ba/src/ovc_opt_b/models.py,R0C-LEGACY-SOURCE,All source packages except ovc_evidence_store belong to the superseded engine and cannot remain importable.,100644,6459,84e49c48da392023b14b7cc3756c772407205596,9e77773ddf8cf36f2532529412c642d7f62e2fb162898cea042ba26f89ee195a
src/ovc_opt_b/opt_c.py,MOVE_TO_QUARANTINE,legacy/quarantine/abcd-engine-v1-c0ad7ba/src/ovc_opt_b/opt_c.py,R0C-LEGACY-SOURCE,All source packages except ovc_evidence_store belong to the superseded engine and cannot remain importable.,100644,10835,469088792044be3c50e3566f239cb6b4f80323c3,7c2d87c1c4a47898f6b4675755a9e3296154fbc6c0783a695878e3db34cd8aad
src/ovc_opt_b/primitives.py,MOVE_TO_QUARANTINE,legacy/quarantine/abcd-engine-v1-c0ad7ba/src/ovc_opt_b/primitives.py,R0C-LEGACY-SOURCE,All source packages except ovc_evidence_store belong to the superseded engine and cannot remain importable.,100644,2601,391d4a1e8b7fc9d6216bbd54cb0491f8bb809cc4,b2ddb9fe8a634a087c3b74f9fd4232f0fc7f65a5260466e472d73f7aae7b1ceb
src/ovc_opt_b/providers/__init__.py,MOVE_TO_QUARANTINE,legacy/quarantine/abcd-engine-v1-c0ad7ba/src/ovc_opt_b/providers/__init__.py,R0C-LEGACY-SOURCE,All source packages except ovc_evidence_store belong to the superseded engine and cannot remain importable.,100644,49,ddab3f7e8ae61dd05252969715e6e7e260012b09,caca12fb12518d417372cf77d57efe9fe72bdacb107f5ceea721ebd0e63aa90a
src/ovc_opt_b/providers/dukascopy.py,MOVE_TO_QUARANTINE,legacy/quarantine/abcd-engine-v1-c0ad7ba/src/ovc_opt_b/providers/dukascopy.py,R0C-LEGACY-SOURCE,All source packages except ovc_evidence_store belong to the superseded engine and cannot remain importable.,100644,7467,5cbb25a178fcd3f3ac80a8c7091052a6c9d1d3a9,95fafa5c773f2bb67d977273bf3752863f001fbcba905b2cb317030019492f0f
src/ovc_opt_b/relevance.py,MOVE_TO_QUARANTINE,legacy/quarantine/abcd-engine-v1-c0ad7ba/src/ovc_opt_b/relevance.py,R0C-LEGACY-SOURCE,All source packages except ovc_evidence_store belong to the superseded engine and cannot remain importable.,100644,5509,0240cddf9a7839285c11a07d6c8bf808b09cce62,9b43a5d4e4d908e133ad92f42e4e6a8c3591b17ff95c2c7188fb050a83c947c2
src/ovc_opt_b/replay.py,MOVE_TO_QUARANTINE,legacy/quarantine/abcd-engine-v1-c0ad7ba/src/ovc_opt_b/replay.py,R0C-LEGACY-SOURCE,All source packages except ovc_evidence_store belong to the superseded engine and cannot remain importable.,100644,1476,720b030ae5ffa435251a8e06faceaeafcb6dd528,9373b64bcb91e795801f95adbe0319bc72889d34544b9c6c9f9466d19c07f2b9
src/ovc_opt_b/review.py,MOVE_TO_QUARANTINE,legacy/quarantine/abcd-engine-v1-c0ad7ba/src/ovc_opt_b/review.py,R0C-LEGACY-SOURCE,All source packages except ovc_evidence_store belong to the superseded engine and cannot remain importable.,100644,5833,15be472a2c1f116df2e40739c89b12fd20d5464f,fe9314afd3268d18c9f065c4e98678fac7367e02abc809673531424c80833a2f
src/ovc_opt_b/robustness.py,MOVE_TO_QUARANTINE,legacy/quarantine/abcd-engine-v1-c0ad7ba/src/ovc_opt_b/robustness.py,R0C-LEGACY-SOURCE,All source packages except ovc_evidence_store belong to the superseded engine and cannot remain importable.,100644,8295,17184ff0da6c505444e7c8498b91bb2a908f61b9,a2a3778f87490ef6292753ce68466f14cdceb37b54dc4330c5c45f7638c33fb3
src/ovc_opt_b/semantic_review.py,MOVE_TO_QUARANTINE,legacy/quarantine/abcd-engine-v1-c0ad7ba/src/ovc_opt_b/semantic_review.py,R0C-LEGACY-SOURCE,All source packages except ovc_evidence_store belong to the superseded engine and cannot remain importable.,100644,9322,4919a280a3da4a1313bca518d85f9f17eba43615,3ee5fb6da5f679dd3e387f0fc0a991ad27ec0ede54cd94d0dd7ef1263daacb4e
src/ovc_opt_b/state_v02.py,MOVE_TO_QUARANTINE,legacy/quarantine/abcd-engine-v1-c0ad7ba/src/ovc_opt_b/state_v02.py,R0C-LEGACY-SOURCE,All source packages except ovc_evidence_store belong to the superseded engine and cannot remain importable.,100644,5631,cd68ec1b19311ff7b2f4aa168f0a3747d0b13e71,1c1933fbd83698444e49a27889a043d95f0a95c33af259e5dac14d700fb08246
src/ovc_opt_b/state_v03.py,MOVE_TO_QUARANTINE,legacy/quarantine/abcd-engine-v1-c0ad7ba/src/ovc_opt_b/state_v03.py,R0C-LEGACY-SOURCE,All source packages except ovc_evidence_store belong to the superseded engine and cannot remain importable.,100644,5803,ffe3d060223d8cedacc26187d19da88749395e7b,e012cb9d8f0f0bc25ab800a346176d75c6b4ec18dfa60abe7c8e8a05d5f8d240
src/ovc_opt_b/state_v03a.py,MOVE_TO_QUARANTINE,legacy/quarantine/abcd-engine-v1-c0ad7ba/src/ovc_opt_b/state_v03a.py,R0C-LEGACY-SOURCE,All source packages except ovc_evidence_store belong to the superseded engine and cannot remain importable.,100644,5809,7902e862f17c43f5c596169feb8f61aec84169a2,76ae45600158ea7537e0a42a6526c3cba5bde7b910dd55156d9ddae1a1ff699d
src/ovc_opt_b/state_v03b.py,MOVE_TO_QUARANTINE,legacy/quarantine/abcd-engine-v1-c0ad7ba/src/ovc_opt_b/state_v03b.py,R0C-LEGACY-SOURCE,All source packages except ovc_evidence_store belong to the superseded engine and cannot remain importable.,100644,3953,abbc4827148d4c26cd5101f7a9dc4eb8172c9a2e,479503d12cbfe2397b94265701f7d905a5cfb1620bfb6ba2b993652fbc597ef4
src/ovc_opt_b/stories.py,MOVE_TO_QUARANTINE,legacy/quarantine/abcd-engine-v1-c0ad7ba/src/ovc_opt_b/stories.py,R0C-LEGACY-SOURCE,All source packages except ovc_evidence_store belong to the superseded engine and cannot remain importable.,100644,8058,bfa69f1541b4731ddb6889918dcaef36ae4a8726,881f77a81a1d5b87a5b3267ecbd75994525d3660381bc666acb76eeeda864203
tests/test_contracts.py,MOVE_TO_QUARANTINE,legacy/quarantine/abcd-engine-v1-c0ad7ba/tests/test_contracts.py,R0C-LEGACY-TEST,Tests tied to the superseded ABCD engine move with that implementation and are excluded from active discovery.,100644,7409,760d94788a4536ec5f0e323347823c14dfb246e3,1de12abe4f75b7f415d898dd8be41fabc91f52696c7b991c7cca2a607b702757
tests/test_dukascopy.py,MOVE_TO_QUARANTINE,legacy/quarantine/abcd-engine-v1-c0ad7ba/tests/test_dukascopy.py,R0C-LEGACY-TEST,Tests tied to the superseded ABCD engine move with that implementation and are excluded from active discovery.,100644,5095,a4ca6085b88f3691c1daa0ac51914bf95ff3024e,812e1f1397e24663b381fa0d2898e719b8f3fdc76e1561ddae99ad390524f32a
tests/test_evidence_store.py,RETAIN_ACTIVE,tests/test_evidence_store.py,R0C-EVIDENCE-STORE-TEST,The evidence-store regression suite remains required for the v2 foundation.,100644,14212,35d7c3bd6d5e73e3f7cec0d1e2111ec70a84e0c7,b1216c29eefc97f97b5cb31155a1cbd942717c7f799be82dcbd8f7d7640befaf
tests/test_full_replay.py,MOVE_TO_QUARANTINE,legacy/quarantine/abcd-engine-v1-c0ad7ba/tests/test_full_replay.py,R0C-LEGACY-TEST,Tests tied to the superseded ABCD engine move with that implementation and are excluded from active discovery.,100644,1960,acc442ab672f370b23bf3ac5f580e1c8acac3872,2970ab005497c791625c64606eb0555c7f7de7a02293777154cf39f401eae633
tests/test_levels.py,MOVE_TO_QUARANTINE,legacy/quarantine/abcd-engine-v1-c0ad7ba/tests/test_levels.py,R0C-LEGACY-TEST,Tests tied to the superseded ABCD engine move with that implementation and are excluded from active discovery.,100644,4162,ca635fdd78cfc0313cfb0ac9485c38b2cb0140b2,727686c62c8fc1645ccf58458b8459052980f9cc7f5a34c528fcc00af8daa8cc
tests/test_opt_a_validation_seal.py,MOVE_TO_QUARANTINE,legacy/quarantine/abcd-engine-v1-c0ad7ba/tests/test_opt_a_validation_seal.py,R0C-LEGACY-TEST,Tests tied to the superseded ABCD engine move with that implementation and are excluded from active discovery.,100644,1538,54ff7f691b40bbeea614df1eb0b38bcb1dc4a33b,9d36768c06c939091646ac3f64327193ded9e29843a308b0ebdbc75a23a3f4a5
tests/test_opt_c.py,MOVE_TO_QUARANTINE,legacy/quarantine/abcd-engine-v1-c0ad7ba/tests/test_opt_c.py,R0C-LEGACY-TEST,Tests tied to the superseded ABCD engine move with that implementation and are excluded from active discovery.,100644,7814,e2fd51c3cc8f797b7a22af8f283e1ce4305bf6fc,f37687ba77eeb854bd8f592fef1d84fe778405c76e23301085ea92599693c17d
tests/test_opt_c_semantic_review.py,MOVE_TO_QUARANTINE,legacy/quarantine/abcd-engine-v1-c0ad7ba/tests/test_opt_c_semantic_review.py,R0C-LEGACY-TEST,Tests tied to the superseded ABCD engine move with that implementation and are excluded from active discovery.,100644,3883,90bbc6295813ac9804d778850cf538b0a629ac46,4e4cd4e09b30eac6e39f5fcc7d68fe34462e246c0212d329893946a03db6ba45
tests/test_opt_d_cohorts.py,MOVE_TO_QUARANTINE,legacy/quarantine/abcd-engine-v1-c0ad7ba/tests/test_opt_d_cohorts.py,R0C-LEGACY-TEST,Tests tied to the superseded ABCD engine move with that implementation and are excluded from active discovery.,100644,3182,9d4507e49e18f37d74917e7bf3526c12613d7655,cf90e5f91dbc0d9c8d68c9fe37eb4463d509f9c8d60f6a223c4602cdad8d53f5
tests/test_opt_d_contrasts.py,MOVE_TO_QUARANTINE,legacy/quarantine/abcd-engine-v1-c0ad7ba/tests/test_opt_d_contrasts.py,R0C-LEGACY-TEST,Tests tied to the superseded ABCD engine move with that implementation and are excluded from active discovery.,100644,2310,b5a305a94efa5fd4fa1c3094306aa786f0edf356,4fc1f75a6193b9fff64ee25181324f37319c1219eb467e7e5fe5b8d23d8969ab
tests/test_opt_d_holdout_validation.py,MOVE_TO_QUARANTINE,legacy/quarantine/abcd-engine-v1-c0ad7ba/tests/test_opt_d_holdout_validation.py,R0C-LEGACY-TEST,Tests tied to the superseded ABCD engine move with that implementation and are excluded from active discovery.,100644,4675,1844196fac5aa474c5179790b2a7f1bb48380152,bcf56f8bc2fb3fce49eec4e9b7051307fc2abe33746a1d0e734b3ee3faaf4a69
tests/test_opt_d_review.py,MOVE_TO_QUARANTINE,legacy/quarantine/abcd-engine-v1-c0ad7ba/tests/test_opt_d_review.py,R0C-LEGACY-TEST,Tests tied to the superseded ABCD engine move with that implementation and are excluded from active discovery.,100644,3172,30ab192c297e9c6a18b061e79a8c370fef602136,91453d363a58cf3b9a62373f0bc86a964bcbe40a3bb4ee9e199625f24f86776f
tests/test_opt_d_robustness.py,MOVE_TO_QUARANTINE,legacy/quarantine/abcd-engine-v1-c0ad7ba/tests/test_opt_d_robustness.py,R0C-LEGACY-TEST,Tests tied to the superseded ABCD engine move with that implementation and are excluded from active discovery.,100644,4046,c07c303c71dd8aafb20c6fa1d14a92c438df862c,67adb8b27154042e0113e8a889db19dcd9bff4ca7fca030d61643af6a62b5ecf
tests/test_opt_d_stories.py,MOVE_TO_QUARANTINE,legacy/quarantine/abcd-engine-v1-c0ad7ba/tests/test_opt_d_stories.py,R0C-LEGACY-TEST,Tests tied to the superseded ABCD engine move with that implementation and are excluded from active discovery.,100644,4322,d0c17b1104e99b5dfbce9d7624bf70e1e1e4d67b,67062bd964698c9cd982c5d209e9dfa2ec0f301a6650d0b5195f1272e7b2184a
tests/test_relevance.py,MOVE_TO_QUARANTINE,legacy/quarantine/abcd-engine-v1-c0ad7ba/tests/test_relevance.py,R0C-LEGACY-TEST,Tests tied to the superseded ABCD engine move with that implementation and are excluded from active discovery.,100644,2324,59deb6eada49d8530e430a8a97f02fe854d48d13,05ab8e9e34c83e7dcbd550b2d4ccaa90e0bf98bc145724a0f250eba49ee86ce1
tests/test_replay.py,MOVE_TO_QUARANTINE,legacy/quarantine/abcd-engine-v1-c0ad7ba/tests/test_replay.py,R0C-LEGACY-TEST,Tests tied to the superseded ABCD engine move with that implementation and are excluded from active discovery.,100644,1295,8ee7debdd686ef45077da52ac774257a2ab45be0,2fceeda6cbf3360e943d0ec19cf8c21f832eab9872fd434882aad8b937cb4b81
tests/test_state_v02.py,MOVE_TO_QUARANTINE,legacy/quarantine/abcd-engine-v1-c0ad7ba/tests/test_state_v02.py,R0C-LEGACY-TEST,Tests tied to the superseded ABCD engine move with that implementation and are excluded from active discovery.,100644,2665,a21b2de5156c6e5e1a30f1ba7fe9256b25a034e9,01054428031b40f7efec665585f03178d983ab720841391c2862896e514b140f
tests/test_state_v03.py,MOVE_TO_QUARANTINE,legacy/quarantine/abcd-engine-v1-c0ad7ba/tests/test_state_v03.py,R0C-LEGACY-TEST,Tests tied to the superseded ABCD engine move with that implementation and are excluded from active discovery.,100644,4058,bfa11ffaaa028a568455da024f9b391b53fd520e,826f010b627d6f4fcd96a27d1b0c1b25ecacc59a150eb71d49c0f46aed21171c
tests/test_state_v03a.py,MOVE_TO_QUARANTINE,legacy/quarantine/abcd-engine-v1-c0ad7ba/tests/test_state_v03a.py,R0C-LEGACY-TEST,Tests tied to the superseded ABCD engine move with that implementation and are excluded from active discovery.,100644,3345,125bc62e372f722d2ba25da0f50a4d4ba2fd08ae,080d0182d6c373667a70f1600f6e5a3a64e53fe7ea3ceaef7e8d24201cc90f35
tests/test_state_v03b.py,MOVE_TO_QUARANTINE,legacy/quarantine/abcd-engine-v1-c0ad7ba/tests/test_state_v03b.py,R0C-LEGACY-TEST,Tests tied to the superseded ABCD engine move with that implementation and are excluded from active discovery.,100644,4750,3dee1ade62e7d8321caf3138dca7dd95578872e5,6f2f75caaf0738d5e648ca66fca66a2e34b6db1a74c2826716533e02b779436d
